ID,BlendProperty1,BlendProperty2,BlendProperty3,BlendProperty4,BlendProperty5,BlendProperty6,BlendProperty7,BlendProperty8,BlendProperty9,BlendProperty10
1,0.30620181025753,0.010573569461818488,-0.5687563776002007,0.6542981528578963,1.0863386382305886,0.48955003267965636,0.32765051300877374,0.057223115022156316,0.17803060686926345,0.2631873392426794
2,0.0596707960512141,-0.2560824912163777,-0.782133144277971,0.3531559389749398,0.8433151749629806,0.20499563577244484,0.04098541236868974,-0.2601672675247655,-0.12145127480629245,0.026793547139906407
3,2.16197662325067,2.017840698637037,1.0374481421570352,2.921161563338549,2.915710182213943,2.6315478028463257,2.4855367134314323,2.446395445785825,2.4323957817765347,2.0426536946000238
4,-0.937678568477281,-1.3348483962740847,-1.6453559048557642,-0.8651248384590915,-0.13984427633681182,-0.9461785799458706,-1.118727725048648,-1.5441805482056135,-1.3330151234300147,-0.92954535038669
5,1.1346930594739846,0.9066969782493756,0.14831682533032484,1.6663156054081218,1.9030424242418313,1.4458225265184896,1.2910162303026886,1.1238441053756327,1.1844683529105449,1.0576114759248856
6,0.015985153624766987,-0.30333432018051715,-0.8199438074158575,0.2997931151632879,0.8002510754957195,0.1545721964571845,-0.009812046616425473,-0.31640928967429705,-0.17451988541578348,-0.015095765273302537
7,0.26505154998636,-0.03393590669930119,-0.6043726245575217,0.604032345451006,1.0457738484508572,0.4420530168103338,0.27980118443655394,0.004245209214159837,0.12804193742284886,0.22372915544038866
8,0.4732071595564177,0.19121205301974903,-0.42421042030548833,0.8582982896361233,1.2509678979669179,0.6823132296470492,0.5218435455500381,0.2722301066252367,0.38090599931809316,0.4233255188113286
9,1.0982974300444528,0.8673302673273152,0.11681579186450443,1.6218576679053762,1.8671646181968395,1.4038134656475045,1.2486955640495392,1.076987433873816,1.1402555319743497,1.0227124151129503
10,-1.4269939928910882,-1.8641080674084873,-2.0688666890186123,-1.4628327198363842,-0.6221979041517107,-1.510962917282605,-1.687701392868556,-2.174137838734737,-1.927427572947151,-1.398740388925554
11,1.045035649279276,0.8097205718929634,0.07071681886606983,1.5567974132083708,1.8146606261006528,1.3423369250482136,1.1867630165667231,1.0084168443818078,1.0755539836669346,0.9716407299955162
12,1.1458861140662635,0.9188037545677307,0.15800460358344764,1.6799881295361037,1.9140762282454225,1.4587419269813862,1.3040314613943855,1.1382543323823613,1.1980654942754347,1.0683442781599335
13,1.5907577048639598,1.3999915121878712,0.5430484972972335,2.223407042477966,2.3526183526636837,1.9722276952046491,1.8213260490895864,1.7109934858804006,1.7384882948103573,1.4949229895079936
14,-0.551342246308841,-0.9169743121634152,-1.310975277169322,-0.39320784361056843,0.24099539733147304,-0.5002561895646355,-0.6694976716540172,-1.0468012084110887,-0.8637000188168846,-0.5590949690484364
15,-0.30343970586869123,-0.6488347635605523,-1.0964114313156055,-0.09039028495289896,0.4853708732713273,-0.21411873090120856,-0.38123776677756455,-0.7276450876367431,-0.5625520292944183,-0.3213860471295297
16,0.07086856320720586,-0.2439706176339749,-0.772441287221169,0.3668342195870464,0.8543536244816929,0.2179204756350433,0.05400612320724665,-0.24575097344203695,-0.107848408695359,0.037530868160593464
17,-1.3938111175117778,-1.8282163770298585,-2.040146348576646,-1.4222992210922258,-0.5894871422955626,-1.4726621253047454,-1.649116501873151,-2.1314173496126982,-1.8871175535769928,-1.366921975453145
18,-0.9430755225117029,-1.3406859194235083,-1.650027059945443,-0.8717173180762411,-0.1451644445305128,-0.9524079259993276,-1.12500327774699,-1.55112872594742,-1.3395712557476813,-0.9347203845871888
19,1.5994057618052535,1.40934553526651,0.5505335369954607,2.2339708046945423,2.3611433682897087,1.9822095736927228,1.8313819689153266,1.7221272173085596,1.7489938142637778,1.5032154430204034
20,-1.6778765205651813,-2.1354708683036954,-2.2860097642758457,-1.7692903882622375,-0.8695109691832162,-1.8005399775429176,-1.97942641284655,-2.4971304718895277,-2.2321956026786096,-1.6393067626134306
21,0.41718636461144587,0.1306181170227726,-0.47269736678790064,0.7898678478617928,1.1957441459113731,0.6176521419897842,0.4567028293909009,0.20010749115874116,0.31285284528758167,0.3696082686864781
22,1.8464797457512592,1.6765888898895238,0.764380253175657,2.5357762662017707,2.6047020761269044,2.2673906845544187,2.1186784322079912,2.0402166330945497,2.049135286781722,1.7401298782405363
23,1.5042213616815023,1.3063909546563175,0.4681498271731659,2.117701291616568,2.267313216162216,1.8723445343613152,1.7207019973560236,1.5995843670102432,1.6333653472046028,1.4119449740016428
24,-0.02810563729018831,-0.35102437108717005,-0.8581051334298959,0.24593539494611277,0.7567875918409076,0.10368112111577765,-0.061080610353234026,-0.37317291043149214,-0.2280806638447558,-0.057373566688073786
25,0.12656787542201553,-0.18372440794103811,-0.7242325894845608,0.4348719642340079,0.9092604677429578,0.2822104971013388,0.11877302076391444,-0.1740422431292487,-0.040185786676672136,0.09093985475144907
26,-1.5393245657463226,-1.9856085128909142,-2.166090701632509,-1.600046601445846,-0.7329302796866913,-1.6406186464652739,-1.8183188532159815,-2.31875511378639,-2.0638849328322055,-1.5064519893171504
27,-0.9395942634628246,-1.3369204750344412,-1.6470139712993397,-0.8674648954735339,-0.14173271553157205,-0.9483897395966127,-1.1209552861431193,-1.5466468633110877,-1.3353422786596885,-0.9313822730294773
28,0.8305852941396296,0.5777640081450773,-0.1148935942493484,1.294842320366811,1.6032613902974433,1.094811104940927,0.9374011549919308,0.7323279292640769,0.8150431668434373,0.76600845759176
29,0.22659776604651255,-0.07552878529342782,-0.6376550255975123,0.5570603339777093,1.0078671705470972,0.39766836470872746,0.2350873058253897,-0.04526118345751799,0.08132890373446618,0.18685657031958172
30,-1.8469706915764432,-2.318368690188992,-2.43236363212732,-1.9758420595680626,-1.0361993316589069,-1.9957141628580641,-2.1760483174237515,-2.7148266664089116,-2.437608461899807,-1.801447872674231
31,0.4523251832582516,0.1686254200284758,-0.44228412433290787,0.8327905676445263,1.2303830226067514,0.6582105495405106,0.4975620819932137,0.2453461120619235,0.35553891284821193,0.40330219809601864
32,0.22224077448716206,-0.08024145079462217,-0.641426075557979,0.5517381878441843,1.0035721686318617,0.3926393783578936,0.2300210165884341,-0.05087048670168781,0.07603610098167819,0.1826787358990707
33,-0.1363000358149194,-0.46805099425234786,-0.9517492171334294,0.1137739271228174,0.6501325426971464,-0.021200496396160565,-0.18688854669599864,-0.5124651680314236,-0.35951346616886737,-0.16111907000286363
34,-0.5482387670596729,-0.9136174868420903,-1.3082891633358518,-0.38941688605156477,0.24405472144020682,-0.4966740493259959,-0.6658889606195806,-1.0428057092269758,-0.8599299625086585,-0.5561191031891853
35,0.24579911049106656,-0.05475997904081978,-0.6210359368932558,0.580515132937499,1.0267953254542304,0.41983120294560405,0.2574145385889581,-0.020540877664381493,0.10465438585876838,0.20526836585505534
36,0.243889721255919,-0.05682523729396476,-0.6226885456031042,0.5781827785143131,1.0249131022940112,0.4176273216042738,0.2551943097913083,-0.022999074584251735,0.10233489075250769,0.20343748967361475
37,-0.29497586685189287,-0.6396799966534357,-1.0890858353499222,-0.08005154835347641,0.493714291956493,-0.2043494829439141,-0.37139605468562686,-0.7167485231131856,-0.5522702947909108,-0.3132702366000928
38,-0.5830870057610587,-0.9513104890130396,-1.338450903928433,-0.43198465703260097,0.20970229042761376,-0.5368970597203503,-0.7064103282317798,-1.0876702300181125,-0.9022630382596711,-0.5895344011436613
39,0.19411883254864695,-0.11065906895957141,-0.665766092423032,0.5173867133195017,0.9758503351509469,0.3601800861510441,0.19732095512982795,-0.08707539965579583,0.04187402155637288,0.15571315301879193
40,-0.3473049457931783,-0.6962808510908569,-1.1343775391287128,-0.14397249044495206,0.44212973155196517,-0.264749467695471,-0.43224406088639056,-0.7841183282347561,-0.6158388120346263,-0.3634475720886956
41,2.040443509189754,1.8863864816421867,0.9322591743264129,2.7727066066824047,2.7959061957829965,2.4912701907690162,2.3442185815706718,2.289930581971037,2.2847593239376307,1.926117956524994
42,2.6080385262082415,2.500315937073949,1.4235222711977196,3.466034464697206,3.355425683476467,3.1464074694404487,3.004215390492437,3.0206670378412985,2.974264554237417,2.4703737731150706
43,-1.4221843282288893,-1.858905775777416,-2.064703842823669,-1.4569576250980114,-0.6174566695969979,-1.5054114403956742,-1.682108737482486,-2.167945752469355,-1.921584870243392,-1.3941284950756048
44,0.07821622156025305,-0.23602314847703906,-0.7660817645174086,0.3758095207693977,0.8615967431035566,0.22640139029019427,0.06254994568745799,-0.23629140867690734,-0.09892259237742444,0.04457639477210059
45,0.5583262920599034,0.2832797088268593,-0.3505383700180922,0.9622728913243506,1.334875987332177,0.7805605982094663,0.6208196713898809,0.3818146719356865,0.48430734235317896,0.5049445985761085
46,-0.918919991159204,-1.3145585015212093,-1.6291200385957223,-0.8422108877699793,-0.12135258903130655,-0.9245267984336444,-1.0969153398115878,-1.5200302722243615,-1.310227507637088,-0.9115581156326795
47,-0.3790774996174833,-0.7306470912483117,-1.1618772223874367,-0.18278325520885044,0.410809225723935,-0.3014224190512417,-0.4691890366289337,-0.8250231330328638,-0.6544355956302903,-0.393913655666445
48,-0.5717725118034548,-0.9390723598794085,-1.3286580178485976,-0.41816379246378566,0.22085580600272184,-0.5238374898533238,-0.6932538880188102,-1.0731036588421086,-0.888518374321388,-0.578685153064377
49,-0.03692956792069087,-0.360568624937756,-0.865742394783755,0.23515679975080248,0.748089204790655,0.09349624329422931,-0.07134103527533833,-0.3845330661806545,-0.23879983180626002,-0.06583466205861671
50,-2.042623663755331,-2.5299933857234103,-2.601704592041958,-2.2148357999070467,-1.2290686266260797,-2.2215434106738163,-2.4035526707431867,-2.9667153461607043,-2.6752845224643904,-1.989055700348355
51,1.8162390249592586,1.6438795307672043,0.7382063973410229,2.498836663945082,2.574891608984501,2.232485826458935,2.0835146646910463,2.001283949628464,2.0123993491344034,1.711132639548452
52,-0.5348990883096879,-0.8991888511686623,-1.296743445530911,-0.3731222206351638,0.25720460823694724,-0.4812769429868265,-0.6503776450811202,-1.025631862945844,-0.8437251368973477,-0.543327944821976
53,0.26715422321842286,-0.0316615861122527,-0.6025527252759572,0.6066007998672358,1.0478466056356726,0.44447999304847097,0.2822461629542591,0.006952244933962186,0.1305962307969069,0.2257453678852227
54,2.4951866471585005,2.3782516296503307,1.3258470592465263,3.328183797886377,3.244179418696274,3.0161500310965237,2.8729917577606012,2.8753786197570697,2.8371739200336625,2.362162302358024
55,-0.31402452226373406,-0.6602836494217933,-1.1055727691112711,-0.10331983482316495,0.4749366536797009,-0.22633608235843475,-0.3935457413620622,-0.7412722531097252,-0.5754102927521949,-0.33153562159338096
56,-1.1727673954100517,-1.5891282105245095,-1.848829264726846,-1.1522902080155357,-0.3715883474860455,-1.2175260190615638,-1.3920879042902075,-1.8468399639100235,-1.6185972213960138,-1.154967451774396
57,0.7597232085465713,0.5011172436131608,-0.17622592905748066,1.2082829663457444,1.5334075039187554,1.0130196999348007,0.8550030560610585,0.6410982536516148,0.7289610533974459,0.6980601826715283
58,0.09511339268549827,-0.21774661193915537,-0.7514569768317162,0.39644972921293703,0.8782535076064032,0.24590467410404443,0.08219789658217772,-0.21453755500998403,-0.0783961826683913,0.06077876335021139
59,-2.1620404197897556,-2.65915848020706,-2.705061816169748,-2.3607055859163326,-1.3467863657799122,-2.359378251062514,-2.542409911471821,-3.1204555560985883,-2.8203500628626905,-2.1035621038954755
60,0.8021049809386938,0.5469587638252403,-0.13954378750941493,1.260053088687294,1.5751862843262114,1.0619381685571965,0.904284381119517,0.695661639908952,0.7804457438150006,0.7386992394817434
61,-1.2128926133400961,-1.6325289671454415,-1.88355832018349,-1.2013039071596014,-0.4111426788431797,-1.263839896549201,-1.4387453184624275,-1.8984982037854232,-1.6673406860145261,-1.1934427424227985
62,-0.5589661720536344,-0.9252206012258875,-1.3175739139779712,-0.4025206105444075,0.23347994194684446,-0.5090559813448272,-0.6783627365544307,-1.0566164469377282,-0.872961440286131,-0.5664054030858083
63,1.266338153318124,1.049088645460512,0.2622578828637444,1.8271225332288816,2.03281452099481,1.5977717261160007,1.4440925245656957,1.2933273926209843,1.344388679952253,1.1838433946379523
64,-0.3235571201262859,-0.6705944210796351,-1.1138233939525273,-0.11496408020797644,0.4655396820493648,-0.2373389277589219,-0.4046302011994073,-0.7535447653208228,-0.5869903381851166,-0.3406762441822839
65,-0.9283025316404249,-1.3247069661755684,-1.6372407862328968,-0.8536718352757433,-0.13060163824053345,-0.9353564425524041,-1.1078253136336154,-1.5321095966946878,-1.3216252657944512,-0.920554851118696
66,-0.07016028012696388,-0.3965120572031987,-0.8945041388093568,0.19456486743380128,0.7153312867120024,0.05514023644009909,-0.10998155070752963,-0.42731514166682044,-0.2791679625787433,-0.09769894533350997
67,0.778659448364125,0.5215993039740561,-0.1598362928962347,1.2314139350785644,1.5520743260082335,1.034876545485539,0.8770220264146261,0.6654772569143194,0.7519644907161868,0.7162177745390279
68,-0.38562683303789547,-0.7377310658775388,-1.167545781345997,-0.19078338765478273,0.4043530737665556,-0.30898188019080436,-0.47680457064250287,-0.8334549137012073,-0.6623916197548014,-0.40019368403521227
69,1.778131478891775,1.6026611544538532,0.7052236710415278,2.452287588465252,2.537326242810331,2.188500813766894,2.0392033898449546,1.9522233125186799,1.9661069196035006,1.6745920551857696
70,0.7331630251100105,0.47238887485645564,-0.19921421749781032,1.1758392088454013,1.5072252088247429,0.9823630419728515,0.8241190000230263,0.6069039888505476,0.6966961728961537,0.672592139627421
71,0.7645725541705864,0.5063624554788158,-0.17202873831826843,1.2142065321161646,1.5381878548694212,1.018616977923855,0.860641852282387,0.6473414262101,0.7348519598906946,0.7027101258235836
72,-1.070031601803526,-1.4780057941341807,-1.7599096959966836,-1.0267965275092763,-0.27031424027408424,-1.0989449071288335,-1.2726272080026935,-1.7145752549888635,-1.4937954438843,-1.0564560984928575
73,1.159209625357066,0.93321490298508,0.1695363281787435,1.6962630461007557,1.9272101776075345,1.4741203722948342,1.319523977487557,1.155407364259791,1.2142506799192816,1.0811199338651467
74,2.3682005915554636,2.24089933157464,1.2159384781904174,3.173067971832297,3.119000073133219,2.8695784502993598,2.7253329711915915,2.7118934984398666,2.6829133171598682,2.2403978447508623
75,0.5534751801063268,0.2780325864410037,-0.3547370895454446,0.9563471679495562,1.330093895182625,0.7749612814633625,0.6151788212888686,0.37556922535899295,0.47841429015139764,0.5002929617250089
76,-0.9611434019983649,-1.3602287326644,-1.6656651155385667,-0.8937875685325606,-0.16297526099466655,-0.9732624808198285,-1.1460125228031206,-1.5743897797363124,-1.3615198230059344,-0.9520453226314282
77,-0.9889349835291458,-1.390289022136998,-1.6897191998775738,-0.9277355016817913,-0.19037143431200101,-1.0053404599213576,-1.178328442737645,-1.6101693781857662,-1.39528058596054,-0.9786941293454452
78,-0.28537038342121523,-0.6292903895657423,-1.0807721268154673,-0.06831827189313802,0.5031831121663889,-0.19326251056675403,-0.3602268438534048,-0.7043821761429033,-0.5406017091507476,-0.3040597254582453
79,-0.005062084669118044,-0.32609970598672566,-0.8381605484985325,0.2740835225736984,0.779503289425615,0.13027876539107652,-0.034285676042470355,-0.3435060467908759,-0.20008772948043108,-0.03527755250035851
80,0.9359843605959842,0.6917671081237693,-0.023668917777238115,1.4235892381371689,1.7071608783105823,1.2164662560651247,1.0599586923888127,0.868021404303591,0.9430802450618393,0.8670735713825081
81,1.3347294752997518,1.1230629507336527,0.32145172993503185,1.9106638035969725,2.1002327968613743,1.6767112925751018,1.5236176312217062,1.3813761434709388,1.4274693497952604,1.2494225024115029
82,-0.35770271315921404,-0.707527418564737,-1.1433769828229476,-0.1566735564513067,0.43187989972581514,-0.2767509208657715,-0.4443345357421114,-0.7975046819662107,-0.6284698513625995,-0.37341778887855004
83,0.09211657475404338,-0.2209880688679894,-0.754050773488881,0.39278906043506384,0.8752993272781011,0.2424456459494277,0.07871321082494645,-0.21839573566425233,-0.08203666853602365,0.05790517295291823
84,0.7625664924461019,0.5041926330787802,-0.17376501870434724,1.2117560904512812,1.5362103346398375,1.0163015139405216,0.8583092131700588,0.6447587706355197,0.7324150286107091,0.7007865522733354
85,-0.21051817992291888,-0.5483277821542686,-1.0159862774058404,0.023115085277211324,0.5769703465471483,-0.10686557713342731,-0.273189054640345,-0.6080155198855192,-0.4496724651227678,-0.23228540412517948
86,0.5405349927865017,0.26403605384955137,-0.36593704075401035,0.9405404887368097,1.3173378160015947,0.7600252815831299,0.6001320325013337,0.35890969464278466,0.46269476025674433,0.48788486791619634
87,-1.6444627483197831,-2.099329432273664,-2.2570895786870917,-1.7284748447065728,-0.836572595575115,-1.7619726766282864,-1.9405730360642037,-2.454112720190233,-2.1916050935366003,-1.6072669466293137
88,-0.7690422438571056,-1.1524457961175263,-1.4993983108073232,-0.6591324350258058,0.02639275381477085,-0.7515328563502818,-0.9226382020957263,-1.327073796932073,-1.128158448586521,-0.767843260320749
89,-0.5202236498631477,-0.8833154138347096,-1.2840416050935826,-0.35519589993380296,0.27167125004155246,-0.46433805783297166,-0.6333131144671581,-1.006738325199339,-0.8258976520491105,-0.5292559524752233
90,0.9789526281856868,0.7382430008487634,0.01352084529396376,1.4760757752584155,1.7495178094816028,1.2660616771909359,1.1099219912970142,0.9233398595964458,0.9952774003428129,0.9082750070246622
91,-1.528456387816681,-1.973853133865691,-2.1566841096312084,-1.5867709201968039,-0.7222167301222553,-1.6280742295844781,-1.8056813871754303,-2.304763141369523,-2.0506824463733215,-1.496030704991903
92,-0.4565162826513973,-0.8144074282347809,-1.2289018001771086,-0.27737616733518744,0.3344722126924585,-0.39080486967063016,-0.5592344883272939,-0.9247198184589539,-0.7485069745694661,-0.4681681977821518
93,0.9742639005801949,0.7331715187194305,0.009462672169119423,1.4703484073815676,1.7448957913364478,1.2606497899266162,1.1044699609501245,0.9173034708152761,0.9895816100160764,0.9037790773649901
94,2.5425540804489564,2.4294858048162182,1.3668443747116064,3.3860439976383794,3.290872925886045,3.0708231173871123,2.9280703857984816,2.9363606743708637,2.89471511053108,2.407582012384184
95,-0.8203906467837676,-1.2079859190940279,-1.5438412228921663,-0.7218554631465124,-0.024225083266184402,-0.8108009118279461,-0.9823458828517082,-1.393181054473421,-1.1905356564969298,-0.8170802446625908
96,-0.004205100707023558,-0.32517276392171934,-0.8374188143702115,0.27513034440436407,0.7803480805408566,0.13126792513342386,-0.03328917913301798,-0.34240274354750333,-0.19904667924843453,-0.03445580725575721
97,-0.8468312551377987,-1.2365849515051002,-1.566726017074106,-0.7541531574620908,-0.05028950454715793,-0.8413195522037352,-1.0130908975477098,-1.4272213752309393,-1.2226552791253626,-0.8424336294869555
98,0.006080788360776498,-0.31404720769820454,-0.8285162032372501,0.2876947489909593,0.7904876258312972,0.14314024460513494,-0.02132879583484996,-0.3291604248210969,-0.18655154786446657,-0.024592868388962824
99,-0.7026531396223715,-1.0806371554717165,-1.4419374170944295,-0.578036910832558,0.09183729873866855,-0.6749043170261582,-0.8454412647930301,-1.2416027528208613,-1.0475100404218032,-0.7041840401821373
100,-0.4802391091379727,-0.8400668183096078,-1.2494343081394823,-0.30635404060897337,0.3110869056964011,-0.4181865547115744,-0.5868192790853046,-0.9552611967837403,-0.7773250798197722,-0.490915554461034
101,-0.37485859913294267,-0.7260837895995405,-1.1582256925901626,-0.17762978988864855,0.4149681012724549,-0.29655282206826195,-0.46428331904250775,-0.8195916117979933,-0.6493105436777812,-0.38986823409035815
102,0.1972793780747047,-0.1072405188745612,-0.6630305867607558,0.5212473783958981,0.9789659136189555,0.3638280942078012,0.20099602256189833,-0.08300643187581122,0.04571340105315664,0.15874373862045982
103,-1.460894208610466,-1.9007756567135197,-2.098207899669805,-1.504242463132616,-0.6556158002982277,-1.5500916876326873,-1.7271204038283017,-2.2177818503015416,-1.9686090057398224,-1.4312466460908257
104,0.14822177716289298,-0.1603028349794193,-0.7054907709174257,0.461322607494635,0.93060628587974,0.3072041595433665,0.14395207558500192,-0.14616445185297983,-0.013880977685992868,0.1117033597523372
105,0.18421466841402573,-0.12137173892911195,-0.6743383141635504,0.5052885928304343,0.9660870837543004,0.3487483664492842,0.1858044397836855,-0.09982627586346124,0.029842603436388816,0.1462162427621699
106,-0.5850596134219145,-0.9534441263965586,-1.3401582292560485,-0.43439423393725557,0.20775774828977056,-0.5391739098970978,-0.7087040671166951,-1.090209815968828,-0.9046593300851952,-0.591425896243302
107,-1.2380706456034247,-1.6597623556932573,-1.9053503333829391,-1.232059341324367,-0.4359624874932059,-1.292901229092156,-1.4680222156346676,-1.9309130515382047,-1.6979265516646755,-1.2175854676031408
108,0.07503896481390063,-0.23945977396804738,-0.7688317340237786,0.3719284426269519,0.858464691176237,0.22273409358033258,0.058855446527241714,-0.24038189091266635,-0.1027822723938611,0.04152978510648747
109,0.8800536919562602,0.6312706557054745,-0.07207785841657909,1.3552688873190566,1.6520259702769686,1.1519091952237874,0.9949227746723679,0.7960148197656675,0.8751365750066847,0.8134427416179288
110,-0.4856831138377105,-0.8459552330075282,-1.254146186376581,-0.3130039934879093,0.3057203562566287,-0.4244702082270607,-0.5931495420753777,-0.962269948764905,-0.7839383685233332,-0.4961357046289125
111,1.3271027672897389,1.114813652281528,0.3148506850287301,1.9013476380744792,2.092714598796554,1.6679082894107191,1.514749331116417,1.3715573229843372,1.4182045484753047,1.242109400514154
112,1.2805528377378812,1.0644637160712387,0.2745609328901169,1.844486034326682,2.0468269642083627,1.6141787934592815,1.4606212925703028,1.3116277437565003,1.3616564482740532,1.197473578914558
113,-0.5059625124384333,-0.8678900981246048,-1.271698349204949,-0.3377756556274476,0.2857294853441053,-0.4478773728673698,-0.6167303311274662,-0.9883781692678165,-0.8085734533695362,-0.5155812253161255
114,-0.0809494138839604,-0.4081819394491832,-0.9038423167409791,0.18138574011012015,0.7046956567093268,0.04268705500466275,-0.12252710455691423,-0.4412053505782934,-0.29227442745739957,-0.10804443573978399
115,-0.41644110488405445,-0.7710607967011314,-1.1942160553284857,-0.22842359317950345,0.37397721583958465,-0.34454875022355663,-0.5126352606202662,-0.8731260015789072,-0.6998242979298356,-0.42974088967199753
116,-0.9502176451302462,-1.348411074363842,-1.6562086879911766,-0.8804415535404725,-0.15220495170332535,-0.9606516043896502,-1.133308104244459,-1.5603236787098316,-1.3482473905855028,-0.941568826982544
117,-0.5185732066765749,-0.8815302401521142,-1.28261311857285,-0.3531798529196264,0.2732982113405948,-0.46243306073921125,-0.6313939869135609,-1.0046135020972853,-0.8238927204071235,-0.5276733746207485
118,-0.5176687569711237,-0.8805519575765379,-1.281830302040037,-0.3520750508016363,0.27418979287437373,-0.4613891144377848,-0.6303422970615891,-1.0034490902323854,-0.8227940095591537,-0.5268061153985115
119,-1.6329436303420233,-2.086869975063683,-2.247119587053434,-1.7144040280956514,-0.8252173672937736,-1.7486769228278283,-1.9271786600056362,-2.439282710776064,-2.1776118556540225,-1.596221488559024
120,0.8550565143232716,0.6042328854795039,-0.09371333887151787,1.3247343704451515,1.627384443125336,1.1230566111842606,0.9658561744113483,0.7638328089258956,0.8447704086312018,0.7894734344232424
121,-0.03449054417111237,-0.35793049655842407,-0.8636313784347134,0.2381361125728659,0.7504935270237939,0.09631144662407427,-0.0685049499621479,-0.38139300413445737,-0.23583694527319346,-0.06349592964781721
122,0.8750354554029763,0.6258427658508936,-0.07642122711447365,1.3491390181408947,1.6470791313139221,1.14611697763788,0.9890875928750019,0.7895542126713211,0.8690405025489907,0.8086308522403646
123,-1.5420692539910945,-1.9885772580506131,-2.1684662757771793,-1.6033992891273945,-0.7356359175350643,-1.6437866580467124,-1.8215103637626213,-2.3222886961828473,-2.0672191356415492,-1.5090838174642516
124,-1.0851135140197234,-1.4943188868783654,-1.7729633463634362,-1.0452193634717046,-0.28518157269178546,-1.1163529579929572,-1.2901643843990187,-1.7339920975441452,-1.5121167064820857,-1.0709178506274768
125,-0.5694284233138496,-0.9365369166024985,-1.32662916957436,-0.4153004448254779,0.2231665436792109,-0.5211318639968605,-0.6905281929781871,-1.0700858188967577,-0.8856708136039625,-0.5764374522269541
126,0.46126244374276243,0.17829225517993522,-0.4345487740716787,0.843707597361939,1.239193127096294,0.6685262364951927,0.5079542863350773,0.2568521715864525,0.3663957520801552,0.4118719632582051
127,0.2264777732273494,-0.07565857347675531,-0.637758881414031,0.5569137605198863,1.0077488849408252,0.3975298649568805,0.2349477787411718,-0.04541566530597705,0.08118313840191267,0.18674151154031046
128,-1.0082054404693874,-1.4111325827401,-1.7063981066169538,-0.9512747228390287,-0.2093677184081171,-1.0275830701276654,-1.2007360391852535,-1.6349786611873713,-1.4186900248248184,-0.9971721955081252
129,0.26875200907016455,-0.029933368336471165,-0.6011698145700335,0.6085525249686533,1.0494216587887226,0.44632421127348,0.2841040608072551,0.009009275625800284,0.13253719516171394,0.22727745364602395
130,0.6197009116719895,0.34966451782977614,-0.29741759764360565,1.0372431293924111,1.3953773918426002,0.8514012505523441,0.6921857896224598,0.4608299392847663,0.558864235844749,0.5637955269904312
131,0.3404203011983144,0.047585415723830696,-0.5391396943563361,0.6960966752499633,1.1200702812978633,0.5290461670061112,0.3674396128949351,0.10127688231321588,0.21959867524409243,0.29599878432421745
132,0.23572671862328562,-0.06565460966454258,-0.6297537625849958,0.568211519147058,1.0168662398056065,0.4082053091302689,0.2457024088280859,-0.03350833459214194,0.09241860741422683,0.19561014529876775
133,-1.598353070977807,-2.0494556873465277,-2.217180872289801,-1.6721510172121101,-0.7911189494532477,-1.7087513346000918,-1.8869569207114414,-2.3947499330058286,-2.135591804586792,-1.5630532743065972
134,0.2642467586108988,-0.03480639554444373,-0.6050691851184675,0.6030492778345418,1.0449805073456735,0.44112409950872067,0.2788653768206903,0.0032091000521931646,0.12706428989945173,0.2229574566514579
135,-0.5391274704422953,-0.903762408480115,-1.3004031818551154,-0.37828726796462836,0.25303638594169825,-0.48615748400723696,-0.6552943878832012,-1.031075591098845,-0.8488617070023033,-0.5473824581658839
136,0.5607499407010224,0.2859012069827384,-0.3484406610857298,0.9652334231657934,1.337265153208141,0.7833580550714716,0.6236378785994661,0.384934939670927,0.4872515514536018,0.5072685880946013
137,0.7560878733828434,0.49718514542614184,-0.17937237318956495,1.2038423369063367,1.5298238909422222,1.0088236736928267,0.8507759054774879,0.6364180294533878,0.7245449071415293,0.6945743305255625
138,1.5983728839596296,1.4082283405867146,0.5496395637329815,2.2327091252174056,2.360125185843236,1.9810173913079363,1.8301809434276493,1.7207974637454948,1.7477390909919643,1.502225036553728
139,-0.5122695686033804,-0.8747120176986405,-1.2771572130970403,-0.34547984190482534,0.27951216361213843,-0.4551571894415818,-0.6240641462909983,-0.9964980359522663,-0.8162351630095698,-0.5216289387392702
140,-0.21886420008366728,-0.557355112308127,-1.0232098991568856,0.012920266599281388,0.5687430704354745,-0.11649883460029391,-0.2828937675221201,-0.618760401376768,-0.45981107518888836,-0.24028824044626967
141,-1.3625564191727675,-1.7944102664129156,-2.0130948780079736,-1.3841210264242854,-0.5586771240989311,-1.436586900185479,-1.6127736860466209,-2.0911792453151783,-1.8491498524343881,-1.3369524534229322
142,-0.9271945322913847,-1.323508517604705,-1.6362817940373697,-0.8523183934865833,-0.12950940309126074,-0.934077552399152,-1.1065369372160507,-1.5306831297717094,-1.3202792861374328,-0.9194924121042367
143,1.158514002211177,0.9324624940908217,0.1689342545687602,1.695413329504831,1.9265244515272386,1.4733174606393153,1.3187151101741852,1.1545118010906172,1.2134056481923865,1.0804529143671717
144,-0.46464899058457293,-0.8232040328611345,-1.2359407965837166,-0.2873104211642428,0.3264552138818737,-0.4001919149825462,-0.5686911627568614,-0.9351900762898523,-0.7583864563976911,-0.4759664931592145
145,2.3008697320278495,2.1680720574018046,1.1576624793271906,3.0908220760529557,3.0526271718580396,2.791862905308779,2.6470409652758007,2.6252100142888697,2.601120879924011,2.175835593788184
146,-0.16136685285305477,-0.4951640887514295,-0.9734449716725495,0.08315434442177116,0.6254223669437419,-0.05013346058175668,-0.21603612332889255,-0.5447368344364842,-0.3899642293654005,-0.18515515306798336
147,0.14502188802290525,-0.16376394041243386,-0.7082603291436638,0.4574138834629012,0.9274519235640055,0.303510739762774,0.14023125958420443,-0.15028407161570267,-0.01776815116751968,0.10863504832488677
148,0.4499724491875545,0.1660806254064473,-0.44432045550395416,0.829916659268298,1.2280637623552604,0.655494944663268,0.49482633391167086,0.24231714157261702,0.35268084961895474,0.40104620717912726
149,-0.33574221923328,-0.683774225402856,-1.124369803528901,-0.12984840514079232,0.45352794796887075,-0.25140337940127633,-0.4187989769741771,-0.7692321760078388,-0.601792599153028,-0.35236029859760326
150,-0.4372892344789338,-0.7936108199839084,-1.2122604644611705,-0.25388997079423486,0.35342570562448694,-0.3686123633255965,-0.5368773673901353,-0.8999664210239389,-0.7251502679729603,-0.4497317554421726
151,0.519738349820519,0.24154172019951045,-0.38393688733769293,0.9151370029957894,1.2968370598829206,0.7360210960816361,0.5759497941407268,0.3321355604109713,0.4374313353361988,0.467943371672556
152,-1.0654761399211277,-1.4730784565980057,-1.755966866611426,-1.021231946188985,-0.26582359179722537,-1.0936868396489552,-1.267330138410115,-1.7087104359348098,-1.4882615425987593,-1.0520879547417488
153,1.2239891786993864,1.0032826003998163,0.22560412834382443,1.7753924739768352,1.9910680717263027,1.548891113787895,1.3948493366034493,1.2388062310625343,1.2929438317384052,1.143235786974401
154,0.7124679788708318,0.4500044315706537,-0.21712613039436535,1.1505598253936264,1.4868246039526942,0.9584761228340363,0.8000548978572009,0.5802606528636919,0.6715561660332238,0.6527480625080712
155,0.6062481505137576,0.3351135685009558,-0.30906119018742073,1.0208103317135022,1.3821160315317653,0.8358736206902697,0.6765429823930043,0.4435105077963194,0.5425220395561008,0.5508959361025036
156,1.032934324213682,0.7966313803307321,0.06024291714086056,1.5420154198234715,1.802731474155873,1.328369168224983,1.1726916528522018,0.9928372865551431,1.0608534900471795,0.9600370048782776
157,1.1644988958435782,0.9389359520641807,0.17411428133457496,1.702723988263599,1.9324241943345157,1.4802254263717587,1.3256743162642421,1.1622169074262478,1.2206760000076742,1.0861917124070446
158,-0.08609885747049308,-0.4137517471502145,-0.9082992473475453,0.175095599103293,0.6996194774775606,0.036743393843445764,-0.12851485327374892,-0.44783487698938274,-0.2985298880932218,-0.11298213698828101
159,-0.3398981764359958,-0.6882694455259353,-1.1279668548500972,-0.13492498407289075,0.44943112016873565,-0.2562003251291728,-0.42363150440934744,-0.7745826624391917,-0.6068411886266055,-0.35634536508560555
160,-0.7261714322735584,-1.1060753150170066,-1.4622928975594234,-0.6067649422266066,0.06865361554719228,-0.7020499222279654,-0.8727882245718648,-1.271880809013677,-1.0760796812828086,-0.7267352733464327
161,-1.5471300845160958,-1.994051218947182,-2.1728465102787307,-1.6095811876333161,-0.740624744458751,-1.649628039028848,-1.8273950736294204,-2.3288041398543324,-2.0733669505659633,-1.51393654937243
162,2.1844346042893616,2.042131990237175,1.056885904969857,2.9485944043995658,2.9378486395094363,2.657469560685972,2.5116507478678542,2.475308429476943,2.4596773732702233,2.064188215592444
163,0.6484182878561906,0.38072617727634134,-0.27256222235793887,1.0723219379101203,1.4236861879537568,0.884547813012896,0.7255782192137881,0.497801429635346,0.5937496391442784,0.5913320601819263
164,-1.1775267259687123,-1.5942760591322134,-1.852948545902998,-1.1581038187113342,-0.3762799640719941,-1.2230193986315205,-1.397622031418067,-1.8529672487530429,-1.6243787790463258,-1.1595310812319493
165,-1.3493230361210171,-1.7800966036659143,-2.001641160929489,-1.3679562031780295,-0.5456320206650409,-1.4213124839200204,-1.5973859706447602,-2.0741422468559496,-1.8330741531150523,-1.3242632199322775
166,-1.7489338719759233,-2.212328838772099,-2.3475111049551223,-1.8560882631072346,-0.9395573432106652,-1.8825567649301067,-2.0620515659493206,-2.588611537749065,-2.3185149218761576,-1.7074422741264248
167,0.12509311680437135,-0.1853195554104073,-0.7255090180364661,0.433070519184629,0.907806691438595,0.280508281052058,0.11705817839851128,-0.17594088538862274,-0.041977299550828004,0.08952573741135086
168,0.050413249729181736,-0.26609575807339547,-0.79014570735416,0.3418476741567544,0.8341893415428584,0.1943102641205766,0.03022078116547433,-0.27208567129256384,-0.132697192084273,0.01791666612078697
169,-1.5794775807483608,-2.029039335739984,-2.2008438159255803,-1.6490942552297632,-0.7725120126294893,-1.6869646082692895,-1.8650085896924204,-2.3704491403288026,-2.1126621648833974,-1.5449539340369647
170,-0.32159523794514905,-0.6684723847280591,-1.1121253517091958,-0.1125676046760556,0.4674736513055975,-0.23507445729197615,-0.4023489338517262,-0.7510189876291694,-0.5846070754985774,-0.3387950335364312
171,-0.8119587905022393,-1.1988657457662395,-1.5365433085253415,-0.7115557940523944,-0.015913192277909542,-0.8010685794205087,-0.9725413601335069,-1.382325665347673,-1.180292774102033,-0.8089951017556299
172,-1.856281990406445,-2.328440097528143,-2.4404227189092107,-1.9872159840733417,-1.0453781528164465,-2.006461577464393,-2.1868754517897284,-2.7268142725410542,-2.448919676853552,-1.8103762959272345
173,-0.3491059105515796,-0.6982288338606583,-1.1359363046182618,-0.14617240235549275,0.4403543902456445,-0.2668282018552597,-0.4343382142138267,-0.7864369366883933,-0.6180265948432672,-0.3651744821492921
174,0.5890902405211574,0.31655500822071103,-0.32391165177723646,0.9998516258995068,1.365202237856516,0.8160693832970524,0.6565918455730098,0.4214209721904683,0.5216788884955879,0.5344435500983865
175,0.6951009698507769,0.4312197028988486,-0.23215757073258497,1.1293457012329728,1.4697046862326404,0.9384305363032961,0.7798606216742257,0.5579019177799261,0.6504590048620547,0.6360951755155319
176,2.210561502565039,2.070391703500276,1.079499177767727,2.980508896026359,2.963603814061559,2.687626106327202,2.5420309819642517,2.5089448717930485,2.4914159059783128,2.0892407899273797
177,1.3243687994001168,1.1118565026108693,0.3124843895329421,1.8980080455059078,2.0900195287781327,1.6647526516241318,1.5115702861481868,1.3680375422494393,1.4148833685797018,1.2394878519069912
178,1.0179124868870844,0.7803832665647823,0.047241262608151785,1.5236659664547547,1.7879233619047419,1.311030457821062,1.1552243312541806,0.9734977859612893,1.042605205451925,0.9456328573862562
179,-0.34688681577223324,-0.6958285878955124,-1.1340156405164534,-0.14346173685638758,0.4425419125755713,-0.2642668479475181,-0.4317578612700026,-0.7835800168676069,-0.615330874459872,-0.36304663534829634
180,1.6066927335788652,1.417227363821348,0.5568405344372682,2.242871976092684,2.3683266637580602,1.990620441854668,1.8398552253271778,1.731508652606999,1.7578459095082795,1.5102027784518324
181,-0.21031358469298259,-0.5481064852183678,-1.0158091967704403,0.023365002151529386,0.5771720308727786,-0.10662942643063626,-0.2729511522718784,-0.6077521187126249,-0.44942392615236515,-0.23208922174055546
182,0.14621371773756206,-0.1624748181584539,-0.7072287803474091,0.45886972560105455,0.9286267963718493,0.30488638974645693,0.14161711355555107,-0.14874967931912475,-0.016320335740599178,0.10977787064562207
183,1.9620598502881137,1.8016041358122097,0.8644167904760455,2.6769595111298248,2.718637750223762,2.4007971326106183,2.2530744326695022,2.1890174389966646,2.1895401251035524,1.8509573913267254
184,0.5437237514764326,0.267485120221374,-0.3631771161207401,0.9444356167170186,1.3204812062271472,0.7637058542235221,0.6038399060672981,0.36301498477719346,0.46656841264788157,0.4909425065716825
185,1.80495967761697,1.6316794173697122,0.7284439312517912,2.4850587316198247,2.563772739971829,2.219466823998637,2.0703990927966087,1.986762627110995,1.9986973807349475,1.700317092874651
186,-0.14266881353427852,-0.474939673891487,-0.9572615020758383,0.10599434682006817,0.6438543775619275,-0.028551554066542265,-0.19429413139191246,-0.5206644966360269,-0.36725015415316625,-0.16722596702345108
187,1.1783950276620487,0.9539664656947182,0.1861416186912934,1.7196983714408876,1.9461226171938875,1.4962648095774709,1.3418326728064174,1.180107145731501,1.2375567957907325,1.0995164427932147
188,-1.2802578963232334,-1.7053934748609785,-1.9418641131302767,-1.2835918518293803,-0.47754951380984906,-1.3415951742511296,-1.5170773518099545,-1.9852260055803983,-1.749174940306412,-1.2580380013671077
189,-0.662200556217064,-1.0368823095759863,-1.406925021276499,-0.5286233286786939,0.1317143379376893,-0.6282125832850933,-0.7984031915900814,-1.1895230541940713,-0.9983688975280323,-0.6653948451499394
190,-0.5120009253276648,-0.8744214442879862,-1.2769246977936557,-0.3451516891527094,0.27977698473194007,-0.4548471123279557,-0.6237517691569602,-0.9961521776742621,-0.8159088195108835,-0.5213713419299043
191,-0.42532679734102946,-0.7806718541764072,-1.2019067725888126,-0.23927763159325524,0.36521794568699545,-0.3548049156246427,-0.5229675019029142,-0.8845656710955118,-0.7106184931574516,-0.43826120725607826
192,2.6319183064945197,2.5261450935453973,1.444190625331035,3.4952040599532017,3.3789657111923472,3.1739703158413968,3.031982686388523,3.051410482533638,3.0032733244205816,2.4932716297382136
193,-0.2242411149885404,-0.5631709604753496,-1.0278637100406682,0.0063522651511606085,0.563442656262092,-0.12270505081573987,-0.2891460188151306,-0.6256827802266427,-0.46634286429666016,-0.2454440595153997
194,1.1015504723827403,0.8708488650093952,0.11963135508377874,1.6258313195563083,1.8703713774670756,1.407568236639159,1.252478186338641,1.081175484434166,1.1442072750999643,1.025831694107905
195,0.5272357217753965,0.24965112451670396,-0.37744778497682924,0.9242951821241415,1.3042277620375589,0.7446748152166404,0.5846677028910734,0.3417878703262815,0.44653902131192424,0.4751324557434763
196,0.5370219982214351,0.26023628328145315,-0.36897759702667127,0.936249300611499,1.3138748030075043,0.7559704649791457,0.5960471389889089,0.3543869748848615,0.45842723137787605,0.4845163257895756
197,-1.5668195106444553,-2.015347950416468,-2.189888041943766,-1.6336321874374098,-0.7600340368062899,-1.672354237578113,-1.8502898454730479,-2.3541528145885366,-2.0972853464116814,-1.5328163569365811
198,2.0683167611371704,1.9165351085259783,0.9563839457937353,2.8067543017628207,2.823382877540866,2.5234424366151402,2.3766294674804893,2.3258153250200952,2.3186192987911123,1.952845075412241
199,-0.2998702395833154,-0.6449739113207387,-1.093321997812925,-0.08603011557210419,0.48888955452724037,-0.20999873273632966,-0.37708720821509367,-0.7230496647304159,-0.558215899484693,-0.3179633553692271
200,0.6165785275992927,0.34628724442898234,-0.30012007392190737,1.033429079240255,1.3922994318810864,0.8477972897298919,0.6885550961483821,0.45681010154353047,0.5550712142632027,0.5608015336637806
201,-1.7414558145792811,-2.2042403257169214,-2.3410387196714155,-1.846953677070591,-0.9321856808139616,-1.8739253393085082,-2.0533561160761993,-2.5789840938939004,-2.309430698912835,-1.7002717104095408
202,2.0952400010665464,1.9456561711370022,0.979686465775308,2.8396415395139667,2.849923063695886,2.554518146604636,2.4079356838961354,2.3604769981085605,2.3513252144375074,1.978661246262338
203,1.799373037397645,1.6256367233982965,0.7236085995576056,2.478234546803844,2.558265584377222,2.2130185357641303,2.063902973897051,1.9795702424851822,1.9919108207132232,1.694960172282685
204,0.4592879346449382,0.17615656113959663,-0.43625774512518267,0.8412956978167029,1.2372467105744156,0.666247191615878,0.5056583364682228,0.2543101376767703,0.36399715041980985,0.40997864490765684
205,0.2372354811733123,-0.06402268242251119,-0.6284479030539115,0.570054500631564,1.018353536247137,0.40994677366316434,0.24745679080569558,-0.03156591479369543,0.09425142771449732,0.19705686834792124
206,2.3059221502150433,2.1735369192368696,1.1620354328079447,3.0969936987319615,3.0576077061315097,2.797694576487387,2.6529158933158707,2.6317146276998153,2.6072584756767556,2.1806802592693404
207,1.9364170124845237,1.7738679982908154,0.842222480212131,2.6456363083625165,2.6933597491126213,2.3711993058638243,2.2232570618071423,2.1560041886100056,2.1583896212140363,1.826368973158803
208,-0.6672668564791878,-1.0423621867202884,-1.4113099899281352,-0.5348119085701268,0.12672011909825137,-0.6340602776219731,-0.8042942616414105,-1.1960455397461218,-1.00452335700048,-0.6702528218826049
209,0.7908126850594881,0.5347446448639577,-0.14931746077657293,1.246259339483636,1.5640546510035558,1.0489042204596315,0.8911537527274194,0.6811236471112804,0.7667280457426945,0.7278712767078671
210,0.7559028173486632,0.4969849827275942,-0.17953254232023075,1.2036162875226322,1.5296414678159886,1.008610075787631,0.8505607231936965,0.6361797835447739,0.7243201040695503,0.6943968838955221
211,0.8828740327762221,0.6343212291809545,-0.06963680568724911,1.358713986026666,1.6548061843440254,1.155164527554613,0.9982022536766489,0.7996457992375293,0.8785626793386198,0.8161471115472031
212,-0.7182864938022242,-1.0975467059970627,-1.455468349816889,-0.5971333433982283,0.07642637006704342,-0.6929488607709137,-0.8636196553040068,-1.2617295359747347,-1.0665011857823805,-0.7191745592848103
213,-1.3640622140164502,-1.7960389836860695,-2.0143981689389725,-1.3859603828003586,-0.560161495057532,-1.4383249392917943,-1.6145246171892897,-2.0931178444119785,-1.8509790676130757,-1.3383963307962232
214,-0.06650025532136809,-0.3925532538867612,-0.8913363253742289,0.19903565572943235,0.7189392380554259,0.05936476029797832,-0.10572569112483522,-0.42260313138722494,-0.2747218237459159,-0.09418941877041015
215,1.2026614062053087,0.9802137795675941,0.20714458016131113,1.7493402036499726,1.9700437427915394,1.5242738807027807,1.370049503332464,1.211348306985266,1.2670351992726774,1.1227850009618918
216,-0.33844596759969225,-0.6866986886423949,-1.1267099435157204,-0.13315108400034714,0.45086266752160115,-0.25452413679673097,-0.4219428828233389,-0.7727130513495839,-0.6050770688614627,-0.35495287029202294
217,0.7467465316241906,0.48708124266635966,-0.1874574626348438,1.1924317144055756,1.5206154542955685,0.9980415825267509,0.8399138373357626,0.6243917452804798,0.7131971965248254,0.6856170996929019
218,-0.4620820331337171,-0.8204275271789694,-1.2337190514502436,-0.2841748349493289,0.3289856496235022,-0.39722904626736105,-0.5657063167391811,-0.9318853090988692,-0.7552681580771397,-0.47350508761181165
219,0.2483040073886796,-0.052050600096053244,-0.6188679062193279,0.5835749110336718,1.0292645836169245,0.4227224392807555,0.26032722088801497,-0.017316008829385082,0.10769729402476741,0.20767026274563347
220,-1.190061803630357,-1.607834411781313,-1.8637978678437177,-1.1734156489505243,-0.38863669734333783,-1.2374878073048783,-1.4121977606056304,-1.8691052308527523,-1.6396061882919506,-1.171550723272845
221,-0.8054190658146099,-1.1917921642587064,-1.5308830660876847,-0.7035673988520663,-0.009466512343861455,-0.7935202090038346,-0.9649369991091011,-1.373906255209599,-1.1723484225104224,-0.8027242870137449
222,0.4230643327566031,0.13697592086917967,-0.4676098858415928,0.7970478951514404,1.2015384845271926,0.6244366907248381,0.46353770302866787,0.20767493886586327,0.3199933057534096,0.3752445379573706
223,0.6742500410536973,0.4086666519068233,-0.2502044026221657,1.1038759043407507,1.4491504166413431,0.9143636922678321,0.7556152600052399,0.5310578945698269,0.6251296343934509,0.6161016256448388
224,0.975460549986876,0.7344658541109665,0.010498392490420675,1.4718101368630683,1.7460754152635427,1.262031002961105,1.1058614192366265,0.9188440681076038,0.9910352803267777,0.9049265211946178
225,-0.5436247654766837,-0.9086268308386505,-1.3042956668486292,-0.38378079739945703,0.2486030767367208,-0.49134841335275625,-0.6605238213392376,-1.036865524653397,-0.8543249481433212,-0.5516948268583453
226,-1.2041229681381909,-1.623043430201483,-1.8759680437871586,-1.190591622623832,-0.40249780486877723,-1.2537176767970442,-1.4285480163806774,-1.8872079364963583,-1.65668746311213,-1.185033700293359
227,-0.9012953353764188,-1.2954950936291962,-1.613865600622283,-0.8206820433021136,-0.10397869025016816,-0.904183827334801,-1.0764214731880126,-1.4973398360568675,-1.2888173613530378,-0.8946581761730871
228,-0.5428078277206911,-0.9077432040684708,-1.3035885933896898,-0.3827828927535195,0.2494083914082827,-0.4904054762897843,-0.6595738899693764,-1.0358137779280359,-0.8533325453936544,-0.5509114811414879
229,-0.16355281519523443,-0.49752849758182793,-0.9753369590890427,0.08048415081019639,0.6232675056550746,-0.05265657191500358,-0.218577950031037,-0.5475510987036037,-0.39261970100094895,-0.18725122981972728
230,-1.0500194232547115,-1.4563599630220363,-1.7425888166473993,-1.0023512796275327,-0.2505867875066504,-1.0758461768693146,-1.2493571411667121,-1.68881106046894,-1.4694849736275617,-1.037266809913397
231,-1.679637714034651,-2.1373758331381314,-2.2875341070414783,-1.7714417188044809,-0.8712471050516088,-1.8025728063419848,-1.981474320306784,-2.4993978777606056,-2.234335071969845,-1.6409955367590077
232,-1.0520570742549327,-1.4585639534226162,-1.744352438086449,-1.004840308179591,-0.2525954475715866,-1.078198102258264,-1.2517265121398866,-1.691434384891384,-1.4719602790478916,-1.0392206738054313
233,0.9848370468596022,0.7446077817994242,0.01861390928212207,1.4832637019887782,1.755318506850473,1.2728536713434613,1.1167643655791992,0.930915611880567,1.0024256968064622,0.9139174615820554
234,-1.4504839117289887,-1.8895155369032712,-2.0891976114678252,-1.4915260920903775,-0.6453536172218896,-1.5380757724738157,-1.7150153597111168,-2.2043793657489332,-1.9559627457594988,-1.4212644149924352
235,0.09037166502901472,-0.22287542066838326,-0.7555610223980087,0.390657620789173,0.8735792434751322,0.24043161239644223,0.07668423802595173,-0.22064217742298864,-0.08415635659834683,0.056232012973008644
236,-0.5694629996187872,-0.9365743154721586,-1.3266590959516762,-0.4153426804243146,0.22313245931299028,-0.5211717731321491,-0.6905683981425014,-1.0701303333230119,-0.8857128163389832,-0.5764706067729143
237,0.013094537254253807,-0.30646090600491926,-0.8224456848239866,0.2962621735651076,0.7974015857323251,0.15123574971984569,-0.013173241699456958,-0.32013074370143935,-0.1780313593478989,-0.01786752106045923
238,2.2356003084545466,2.097474500218885,1.1011706881834686,3.0110942625889683,2.9882863771984676,2.716526739101961,2.5711459873656266,2.541180475923319,2.5218326416853394,2.1132500136471686
239,-1.1426753965501741,-1.5565797139398467,-1.8227841302423942,-1.1155322723618775,-0.3419244863158148,-1.1827928208273695,-1.3570970699345395,-1.8080987488929745,-1.5820419487421933,-1.1261128196489403
240,-0.10950465406552791,-0.4390682272578408,-0.9285573605713303,0.14650498373177526,0.6765466897904817,0.009727635377213922,-0.15573100316903907,-0.4779681028596847,-0.3269628705679143,-0.13542549987347174
241,0.02908782205381389,-0.28916204267251056,-0.8086032260563812,0.31579826806950756,0.8131673240656025,0.16969573750416359,0.005423674438626089,-0.29954057658978267,-0.15860297610222363,-0.002531871490690869
242,-0.4379948999632157,-0.7943740910019625,-1.2128712298850541,-0.25475195429307207,0.35273008008442774,-0.3694268661861982,-0.5376979118872289,-0.900874912958422,-0.7260074989698254,-0.45040840434301166
243,-0.918133546843256,-1.3137078574596148,-1.6284393577254093,-0.8412502314275605,-0.12057733395054475,-0.9236190579258379,-1.0960008660699985,-1.5190177835397465,-1.3092721478243219,-0.9108040094820877
244,-0.2100099611352942,-0.5477780759831933,-1.015546405440776,0.023735883967935616,0.5774713345882021,-0.10627897389782616,-0.2725981002309347,-0.6073612259179183,-0.449055089173901,-0.2317980830195115
245,1.057473445173901,0.8231737013803735,0.08148194179040938,1.5719904119618546,1.8269214616935239,1.3566930478307535,1.2012256269743922,1.024429583427013,1.0906632165981773,0.9835670904430908
246,-1.6804209396646077,-2.138222995763,-2.288212002084572,-1.772398443462165,-0.8720191872406382,-1.8034768317340522,-1.9823850513754824,-2.500406222625907,-2.235286521775019,-1.6417465565742373
247,1.2644402623816906,1.0470358241457762,0.26061522612610455,1.8248042241911893,2.0309436325398176,1.595581116498176,1.441885665935563,1.2908839989072716,1.3420831527929709,1.1820235439513953
248,0.9888667799078952,0.7489664737218259,0.02210171146063309,1.488186095771269,1.7592909063661808,1.277504924902555,1.1214501201628997,0.936103594081822,1.0073209512223753,0.917781494184666
249,2.2152329639625425,2.0754445099306515,1.0835424066972328,2.9862151729093793,2.9682088116558663,2.6930180643529353,2.547462935245923,2.514959031612981,2.497090721595338,2.0937201633562066
250,2.1119510261102015,1.9637313659451756,0.9941501408758466,2.8600543670606395,2.8663963305338753,2.57380657434387,2.427367185005077,2.3819912025117365,2.371625496902629,1.9946851229851592
251,-0.13143584724036064,-0.4627897277627603,-0.9475391795692237,0.11971562383307773,0.6549275254184145,-0.01558608617385007,-0.18123249116177975,-0.5062028862758001,-0.353604528699789,-0.15645489423437134
252,-0.7819860739965053,-1.1664462689025508,-1.5106014149379055,-0.6749435640103386,0.01363308364283848,-0.7664730608955155,-0.9376892267366825,-1.3437380175081028,-1.1438824037193713,-0.7802548471583635
253,0.7347949148738916,0.4741539805462956,-0.19780178927853534,1.1778325925090762,1.508833880672243,0.9842466240814766,0.8260165537442185,0.6090049257979742,0.698678566140864,0.6741569269659208
254,0.32059976351641706,0.026146869682092563,-0.5562947052907365,0.6718855202474451,1.100531742802866,0.5061686350874335,0.3443923851551965,0.07575941118530972,0.1955210072074523,0.2769932564427701
255,0.18435787628788539,-0.12121684057839345,-0.6742143653241504,0.5054635239088562,0.9662282541201654,0.34891366179887623,0.18597096122401865,-0.09964190635516881,0.03001657004124916,0.14635356200563163
256,-0.7514931568069443,-1.1334641258544147,-1.4842092788513828,-0.6376958991687488,0.04369215902691104,-0.7312771092269128,-0.9022322064380521,-1.3044806498989023,-1.106840101974471,-0.7510157822483247
257,2.6875653457885065,2.5863347631263665,1.4923540799696668,3.563177952256257,3.43382102525233,3.238200002142533,3.096688801239386,3.123051915340714,3.070872446141997,2.546630492842508
258,0.6627834819290673,0.39626404408260596,-0.2601289036785945,1.0898692893453605,1.4378469994254535,0.9011286036652298,0.7422819991332156,0.5162955507779925,0.6112002441540777,0.6051065652360356
259,-0.5415139663434448,-0.9063437210093882,-1.3024687344620214,-0.38120241704397845,0.25068384421043377,-0.4889120579258955,-0.658069394061968,-1.0341480274389585,-0.8517607835561731,-0.5496708226450011
260,-1.6324244721091785,-2.086308436428535,-2.2466702468133213,-1.7137698666693586,-0.8247055954498291,-1.74807769291624,-1.926574985260916,-2.438614333084699,-2.1769811906443466,-1.5957236778322126
261,-1.0943382120446683,-1.504296623935899,-1.7809474786823594,-1.056487503484745,-0.29427502516808857,-1.1270004150343766,-1.3008908197572984,-1.7458682115675388,-1.5233227201809838,-1.0797632340537369
262,-0.9902799503352137,-1.391743782510266,-1.6908832914191252,-0.9293784036220697,-0.19169726543407253,-1.0068928658918312,-1.1798923637966658,-1.6119009231212587,-1.3969144298449256,-0.9799837918431327
263,0.8309075806283338,0.5781126038208155,-0.11461464983691805,1.2952359993001712,1.60357909141469,1.095183098857067,0.9377759082010423,0.7327428491972497,0.815434675248116,0.76631749183418
264,-1.4246037770642905,-1.8615227312851743,-2.0667979167530777,-1.4599130267987463,-0.619841695420507,-1.5082040497005194,-1.6849220611777893,-2.171060613266455,-1.9245239774878755,-1.3964484574821217
265,-0.10121006414343027,-0.4300965257431721,-0.9213782525625747,0.15663697941772717,0.6847232673936786,0.019301530331054827,-0.14608609312621398,-0.46728943398339784,-0.3168867371224159,-0.1274719790074067
266,-0.13721854259381353,-0.4690444814213138,-0.9525442003012998,0.11265195402846587,0.6492271040887009,-0.02226066784503425,-0.1879565820466744,-0.5136476773350246,-0.3606292533218978,-0.16199980827927854
267,0.006714271344681703,-0.31336201164877986,-0.8279679129895251,0.28846856022458667,0.7911120958565611,0.14387143199353092,-0.02059218480877033,-0.3283448624982552,-0.18578200299953282,-0.023985433883085168
268,-0.42148150530232936,-0.7765126597217131,-1.1985786072267743,-0.23458053593051004,0.36900852835071746,-0.350366550088659,-0.5184962144553155,-0.8796151430043634,-0.705947294691614,-0.4345740315483995
269,0.9174085811787152,0.6716749335980491,-0.03974656935927913,1.4008985784798957,1.688849388125814,1.1950254660445279,1.0383588636887084,0.8441064670518413,0.920514689197058,0.8492616179783901
270,0.66668676070532,0.4004859589015394,-0.2567505498134628,1.0946372168852982,1.4416947438131436,0.9056338994460186,0.7468207132857657,0.5213207324897966,0.6159418839691726,0.6088493432979489
271,-0.24338654385357994,-0.583879286596434,-1.044434402864179,-0.01703423188945779,0.5445696213885498,-0.14480334940815148,-0.31140823320654615,-0.6503310988613701,-0.4896004210809321,-0.2638022386897773
272,0.051919375353701266,-0.26446668301679926,-0.7888421301267465,0.3436874345877649,0.8356740385760703,0.1960486850252705,0.031972096938540424,-0.2701466463399876,-0.13086757507838423,0.019360860673385407
273,2.5794185443663364,2.469359622554198,1.3987511923642404,3.4310746251779944,3.32721289601738,3.113373322808889,2.9709362105830035,2.9838209354775356,2.939497464006892,2.442930629463138
274,1.767383751839556,1.5910360590628498,0.6959213313139248,2.439159040200707,2.5267314303933452,2.1760954253442106,2.026705983516605,1.9383864116662828,1.953050754918922,1.6642862688629447
275,-0.40905134283738037,-0.7630677868031303,-1.1878200911650567,-0.2193968615531884,0.381261839119491,-0.3360192380676566,-0.5040424801636731,-0.8636122314332907,-0.690847334727062,-0.42265499064799683
276,1.8468514649062215,1.6769909535643928,0.7647019823976514,2.5362303280553204,2.605068506600947,2.2678197353182736,2.1191106654882956,2.0406951939164952,2.0495868451884456,1.7404863125046866
277,0.4839569873852033,0.2028394206798436,-0.4149062623201997,0.871429404038273,1.2615647812714081,0.6947210428567759,0.5343433946514721,0.28606971207153764,0.39396471599200733,0.43363331952792283
278,-1.5429539306934206,-1.989534153495089,-2.169231978441022,-1.6044799381547261,-0.736508007388601,-1.644807781682206,-1.8225390616598116,-2.323427651773833,-2.0682938265656916,-1.5099321167385684
279,0.5696639227251293,0.29554286338510644,-0.34072545872609505,0.9761220178113578,1.3460523104344961,0.7936468732434065,0.634003014857357,0.3964110299054806,0.4980801123890123,0.5158160319940983
280,0.763474352776872,0.5051746046989779,-0.17297925021757737,1.2128650587114604,1.5371052782738355,1.0173493969005216,0.8593648688810663,0.6459275734273712,0.7335178826310559,0.7016570818778209
281,-0.7695577247621265,-1.1530033572338434,-1.499844468257945,-0.6597621045278443,0.025884606979007442,-0.7521278417662857,-0.9232376008609956,-1.327737440336806,-1.1287846464379372,-0.7683375449294695
282,-1.3926119479550072,-1.8269193157610233,-2.039108447022775,-1.4208344132005715,-0.5883050340741297,-1.4712780034281736,-1.6477221131680102,-2.129873507814183,-1.8856608218287951,-1.365772115100638
283,-0.07375871922870686,-0.40040424739496966,-0.897618648775126,0.19016930721955982,0.7117840448541025,0.05098679687510026,-0.11416579872423184,-0.43194786492377424,-0.28353928809636364,-0.10114941856362467
284,0.0668821804591401,-0.24828242044457438,-0.775891568980893,0.36196477900164115,0.8504239584943766,0.21331925845200822,0.049370776148203524,-0.25088314534933376,-0.11269100186893269,0.033708403317286965
285,-1.3749789777924128,-1.8078469147621024,-2.0238468128128444,-1.3992954125633053,-0.5709229392070643,-1.4509254355922225,-1.627218578622805,-2.107172367499802,-1.8642405753708655,-1.3488642031440419
286,-0.4504229982199045,-0.8078167312049382,-1.2236279593395747,-0.2699331072016552,0.3404788041551324,-0.3837717956285281,-0.5521492459272413,-0.9168751670145712,-0.741104951367628,-0.4623254659142825
287,-1.192412120520339,-1.6103765919011075,-1.8658321069039312,-1.176286604695603,-0.390953574804856,-1.2402006221907573,-1.4149306980008378,-1.8721310894012986,-1.6424613151692393,-1.1738043964021865
288,1.0723294483226187,0.8392424434403267,0.0943400640345151,1.5901372958014395,1.8415660991933496,1.3738403468431903,1.2185001173724748,1.043555584825538,1.108710048521047,0.9978122227690266
289,-1.240675715246095,-1.6625800847767285,-1.9076050652636842,-1.2352414822896272,-0.43853049318065757,-1.2959080881823108,-1.4710513783292467,-1.9342668853473521,-1.7010911480583362,-1.2200834181896227
290,0.6548243849168286,0.38765522274354697,-0.26701763689381974,1.080147104481557,1.4300011414646436,0.891941945923465,0.733027198663737,0.5060488041218965,0.6015316620597017,0.5974747419926428
291,1.045338251769961,0.8100478767084538,0.07097872644495551,1.557167047772463,1.8149589232764318,1.3426861990311105,1.1871148813157708,1.008806422628534,1.0759215802697466,0.9719308896352802
292,1.5016306487911868,1.303588754308812,0.46590752130465013,2.114536687691028,2.264759362964623,1.8693542463180974,1.717689528625374,1.5962490164541532,1.6302181911610898,1.4094607898256157
293,0.37900612999344496,0.08932111838030088,-0.5057430062585185,0.7432299819671052,1.158107125372159,0.5735832297254273,0.41230703264107826,0.1509532729353203,0.2664721148832358,0.33299798468720204
294,0.03331369104807328,-0.28459120365422663,-0.8049456648959655,0.3209602455537912,0.8173330689784948,0.1745733777756794,0.010337494975288382,-0.2941000839158723,-0.15346945891701436,0.0015202320537601156
295,-1.5078762934308496,-1.9515930262886434,-2.1388716895099127,-1.5616319525694575,-0.7019294416116365,-1.604319991745044,-1.781750950482546,-2.278267797361794,-2.025682081159348,-1.4762968529677993
296,0.05621795065760334,-0.2598172024605402,-0.7851216404243841,0.348938224180008,0.8399114553604617,0.20101024536728265,0.03697046002916084,-0.2646125496888845,-0.12564573544623425,0.023482680883309758
297,0.061933847836780166,-0.25363469990625565,-0.7801744346430676,0.35592029877377146,0.8455460288953055,0.20760772633672825,0.04361687831203796,-0.25725375632108705,-0.11870215616394847,0.02896354345877608
298,-1.1910306958935473,-1.6088823975487658,-1.8646364605012957,-1.1745991688500004,-0.3895918045702796,-1.2386061353761266,-1.41332438395982,-1.8703526077276287,-1.6407831829149409,-1.1724797752096652
299,0.5175022790915847,0.23912311248844795,-0.3858722444112801,0.9124056010588849,1.2946328031308587,0.7334401479613267,0.573349701642783,0.32925678531509434,0.4347149928442945,0.4657992469638472
300,-0.5482196037804706,-0.9135967592084568,-1.308272577193259,-0.3893934777500056,0.2440736120714497,-0.49665193042394323,-0.6658666776489012,-1.0427810379273568,-0.8599066832675738,-0.5561007278936699
301,-1.4387566794744644,-1.8768309764404942,-2.0790474934041585,-1.4772010600240608,-0.6337932356357698,-1.5245398061682363,-1.701378989353027,-2.189281424650272,-1.9417166940254478,-1.4100194001919975
302,0.9929105745697608,0.7533403751483709,0.025601684203760775,1.493125666075974,1.7632771674320897,1.2821724088494664,1.1261522255245457,0.9413096795668582,1.012233287458625,0.9216590101948966
303,0.6786963507358144,0.4134759268299224,-0.24635604631424815,1.1093071542205786,1.453533465894546,0.9194957726031633,0.7607854079341101,0.5367821882676096,0.6305309393546119,0.6203651054751667
304,0.7974689161344897,0.5419442435154211,-0.1435563800881394,1.254390049400584,1.570616179715731,1.0565870664711967,0.8988935868295991,0.6896930505756553,0.7748139274060075,0.734253807157424
305,-1.0360507846716278,-1.4412510236879963,-1.7304987234583356,-0.985288328090245,-0.23681688948175686,-1.0597231039146973,-1.2331144741005977,-1.6708274750859085,-1.4525160978016312,-1.0238725542015992
306,1.0959646276869255,0.8648070315023962,0.11479671192865969,1.6190081064870745,1.8648650060775682,1.401120866624672,1.2459829924700694,1.0739841239858263,1.1374216814673108,1.0204755363279523
307,0.9806536930024451,0.7400829285530133,0.014993145692669093,1.4781536575343075,1.7511946721852354,1.2680251034746066,1.1118999814434516,0.9255298542900797,0.9973438263209597,0.90990612497524
308,0.00017091941732135868,-0.3204395164982135,-0.8336312948645799,0.2804757342835407,0.7846618402897905,0.13631887489463607,-0.02820076357042857,-0.3367689424382582,-0.19373076090319882,-0.030259726714563215
309,2.2265972903277906,2.087736539436855,1.0933784235695694,3.0000969086899136,2.979411450641786,2.7061351524626436,2.5606773203474837,2.529589758315122,2.5108959211350257,2.1046171947614574
310,-0.9236812967965937,-1.3197084864390853,-1.6332410292359532,-0.8480269110611381,-0.1260461525953037,-0.9300224577059681,-1.1024517635516786,-1.5261600998346485,-1.3160114645810388,-0.9161236389547915
311,-0.40317368138326204,-0.756710314683847,-1.1827328756650355,-0.21221718889234245,0.38705587540775677,-0.32923504332572556,-0.4972079631447998,-0.8560451785681177,-0.683707246824539,-0.41701901545717346
312,0.16086913205741624,-0.1466230395791119,-0.6945442711307449,0.4767715864596621,0.9430736989455435,0.3218021623791101,0.1586583602094396,-0.12988192114947947,0.0014828241229778347,0.12383066224695909
313,-1.5831161029832106,-2.032974881168046,-2.2039930185216794,-1.6535387777357555,-0.7760987673326903,-1.6911643131360563,-1.869239446187261,-2.3751334676445457,-2.1170821827416755,-1.54844284220341
314,1.178870039172176,0.9544802537812807,0.18655274919546952,1.7202786068252272,1.9465908704181512,1.496813083855348,1.3423850139501645,1.180718687794064,1.2381338320769317,1.0999719220866941
315,-0.5221891660827577,-0.8854413808819294,-1.2857427926587386,-0.3575968145112316,0.269733698450585,-0.46660672282947546,-0.6355986074576371,-1.0092687814457977,-0.8282853293067071,-0.5311406477298506
316,-1.2347733969789294,-1.65619594303676,-1.9024965088745196,-1.228031690873572,-0.43271215088724607,-1.2890954337166047,-1.4641881904844474,-1.9266680886654806,-1.6939211074588219,-1.2144238000605827
317,-0.9063951526063733,-1.3010112238292706,-1.6182795787770337,-0.8269115647924267,-0.10900594919057123,-0.9100702080844142,-1.0823515166114637,-1.5039054722172738,-1.2950125366949523,-0.8995482916739753
318,0.10031335192173138,-0.21212216484845095,-0.7469563240750814,0.40280157602434824,0.883379483770125,0.2519066421289279,0.08824438465824432,-0.20784299344932283,-0.07207935643978539,0.06576490307218674
319,-0.062437750396047376,-0.388159114823328,-0.8878201585813076,0.20399808096854513,0.7229439431821688,0.06405384026091467,-0.10100182955708419,-0.4173729578267202,-0.2697867585847712,-0.09029396185264864
320,0.02895929738600359,-0.2893010591842002,-0.8087144663323521,0.3156412728000581,0.8130406279986304,0.16954739000535415,0.0052742265610388065,-0.2997060425601165,-0.15875910578627767,-0.002655111293602646
321,0.8988715973271041,0.6516247216332808,-0.055790642722416524,1.3782553083268145,1.6705761415379257,1.1736294551719992,1.016804146289385,0.8202414762113573,0.8979962615568587,0.8314868648872313
322,-0.45693571718089127,-0.8148611024295159,-1.229264827863603,-0.2778885144051794,0.33405874572036254,-0.3912889951262709,-0.5597222048200703,-0.9252598092840355,-0.7490164968400694,-0.4685703853904133
323,1.7196293132424916,1.539383286217259,0.6545890562037993,2.3808261062769343,2.4796564240635264,2.120975644498876,1.9711773475333783,1.8769061164448817,1.895039436645433,1.6184954669792853
324,2.001681492122432,1.8444602079504595,0.898709992296066,2.7253580827175714,2.7576956701772586,2.4465297656139557,2.2991462909325557,2.2400273620256885,2.2376718536400935,1.888949812656376
325,0.3006227433991375,0.004539067086899393,-0.573585154422279,0.6474832190429917,1.080838948245971,0.48311048587332106,0.32116320037759133,0.05004048053642723,0.17125324684369342,0.2578376805991361
326,1.0736112772863688,0.840628911844869,0.09544950870458818,1.5917030736943578,1.842829690774677,1.3753198769903094,1.2199906220462164,1.0452058444753194,1.1102671935775665,0.9990413436183591
327,-0.3694100801637373,-0.7201904921191559,-1.153509907176411,-0.17097432274569238,0.42033910075435954,-0.2902639580309679,-0.45794780688118775,-0.8125770480299513,-0.6426917711128128,-0.38464375527733363
328,-0.6760536347128892,-1.0518662553154505,-1.4189150952535556,-0.5455451214225305,0.11805835585441278,-0.6442022728962709,-0.8145114859317307,-1.2073578645419607,-1.0151973928323061,-0.6786782925428296
329,-0.21233921086621177,-0.5502974691702203,-1.0175624105181427,0.02089066214903785,0.5751752245500995,-0.10896747235941469,-0.27530654083293776,-0.6103599620628342,-0.45188462400769563,-0.23403155525998656
330,-0.17692183314080878,-0.5119888674950412,-0.986908070464492,0.06415364702132222,0.6100886970898314,-0.06808754254152663,-0.23412338104776048,-0.564762717021417,-0.4088601673916977,-0.20007052097065534
331,-1.147577704338353,-1.5618822114257567,-1.8270271606313635,-1.1215205323997497,-0.3467570459048081,-1.188451229529454,-1.3627974503105795,-1.8144101063068157,-1.5879971928143564,-1.1308135471895844
332,0.07976833551664929,-0.23434433092676563,-0.7647383836101525,0.3777054568021625,0.8631267741638828,0.22819289247589486,0.06435473647594211,-0.2342931771604266,-0.097037109491091,0.04606468664121644
333,-0.3155592639055933,-0.6619436765047731,-1.1069011139861744,-0.10519455025098155,0.4734237477671267,-0.22810753283379828,-0.39533033170513326,-0.7432481190606629,-0.5772746720323012,-0.3330072554881473
334,0.006109006137035674,-0.31401668642248354,-0.828491780274158,0.2877292175288871,0.7905154421356039,0.1431728145125413,-0.02129598433769526,-0.32912409652856806,-0.18651726936706126,-0.02456581091241737
335,-1.7208554115301151,-2.181958251621057,-2.323208722058169,-1.821789902033689,-0.9118783725840641,-1.850147660526093,-2.0294020645653688,-2.5524626039894955,-2.2844056630636906,-1.680518384803366
336,-1.2017058225797752,-1.620428965993935,-1.8738759633829765,-1.1876390344187253,-0.4001150495520914,-1.2509277260120437,-1.4257373709249903,-1.884096040997421,-1.6537511538512102,-1.1827159464543227
337,2.1046914001526043,1.955879115525153,0.9878668117007764,2.8511865990847873,2.85923999181551,2.565427269643459,2.4189257261791193,2.3726449729217296,2.362806620912355,1.9877240089245647
338,0.31158528342997976,0.016396511267147865,-0.564096890424796,0.6608741653517007,1.0916455173629727,0.4957638186683458,0.3339103902243925,0.06415393715476225,0.18457036285422798,0.2683494469069667
339,-0.5662264439330565,-0.933073550296219,-1.3238578022093164,-0.4113891675257682,0.22632296649658737,-0.5174360315899554,-0.6868049464552392,-1.0659635081041419,-0.8817811009317722,-0.573367136508271
340,0.21931845339971015,-0.08340232948457314,-0.6439553939353939,0.548168518345256,1.000691425234367,0.38926633696881635,0.2266229554100707,-0.054632758198673095,0.07248611267311661,0.17987657907580576
341,0.14636736644225026,-0.1623086266614029,-0.707095794792159,0.45905741034830233,0.9287782590203121,0.3050637362545175,0.14179577554473105,-0.14855186801608922,-0.016133685783614366,0.10992520139858983
342,-1.9359472948649397,-2.4146087133837257,-2.5093743886878777,-2.084528633483909,-1.1239100091595573,-2.098413954075496,-2.279509892099966,-2.829377439042443,-2.545695797944424,-1.8867658061095318
343,1.3549397290118028,1.144923026462917,0.33894404669159994,1.9353510039704311,2.120155506652806,1.7000386478569065,1.5471180189233453,1.4073953450618188,1.4520204385510151,1.2688017214105074
344,-1.0850174884540338,-1.4942150224653883,-1.7728802346105752,-1.0451020664592607,-0.28508691334188063,-1.116242122052009,-1.2900527263241064,-1.7338684717556145,-1.5120000561807259,-1.0708257735811655
345,-0.22351287032469297,-0.5623832670733789,-1.027233401954595,0.007241829537310991,0.5641605397336064,-0.1218644863058783,-0.28829921935452507,-0.6247452192743608,-0.46545820447829467,-0.2447457598786593
346,-1.6103058611119772,-2.062384218637214,-2.227526214517099,-1.6867515724188071,-0.8029016797659779,-1.722547647404536,-1.900855568708217,-2.410138263132976,-2.1501118603784684,-1.5745145721685385
347,0.17761526700286015,-0.12850986874535822,-0.6800502078157817,0.49722730140363824,0.9595815761547885,0.3411311151490837,0.17813068694659673,-0.108322515353709,0.021825757527929694,0.1398882051713772
348,-1.1280535436233503,-1.5407642364680354,-1.8101286689796074,-1.0976714073683569,-0.32751066763622044,-1.165915785884511,-1.3400948483101858,-1.7892741985258322,-1.564279558715096,-1.1120922094142853
349,-1.159115831256073,-1.5743622293309663,-1.837013604824387,-1.135614568783979,-0.3581310126740313,-1.2017689240884153,-1.376213929874884,-1.829264588320285,-1.6020135224492087,-1.1418772325624935
350,1.463258838585109,1.2620845412036767,0.4326960699190899,2.0676648086564313,2.22693349250305,1.8250642110599344,1.6730709686852363,1.5468481588803766,1.5836047378363234,1.3726668077229363
351,-1.2125275709659462,-1.6321341252964967,-1.8832423698283298,-1.2008580011178545,-0.41078283015521255,-1.2634185523505563,-1.4383208489113632,-1.8980282388232042,-1.666897238452954,-1.1930927103938413
352,1.0721848194429375,0.8390860080829325,0.09421488529051826,1.589960628938007,1.8414235280392015,1.373673411320836,1.218331943593274,1.0433693858777215,1.1085343557013383,0.9976735409507349
353,1.6209794748680535,1.4326803735141376,0.5692059509040889,2.26032349599516,2.3824101386428924,2.0071106796626874,1.8564677807197278,1.7499017716136387,1.7752012113475737,1.5239020566583306
354,-0.8098918805580279,-1.1966301079286457,-1.534754362974901,-0.709031025156682,-0.013875689554279976,-0.7986828823733031,-0.9701379669982501,-1.3796646722065247,-1.1777819253906074,-0.8070131820315737
355,1.0732598062510363,0.8402487492027529,0.09514530457294351,1.5912737452951036,1.8424832203376016,1.3749141972878536,1.2195819331839246,1.044753351604524,1.1098402322585021,0.9987043248820998
356,0.8330768387176595,0.5804589447814292,-0.11273712023408052,1.2978857883565549,1.6057174861123567,1.097686929579264,0.940298311276748,0.7355356079786577,0.8180698548279457,0.768397551202922
357,-0.22290320672811217,-0.56172383485741,-1.0267057277898723,0.007986544946807245,0.5647615292648677,-0.12116079205629336,-0.2875903053996903,-0.6239603226447554,-0.46471759501915255,-0.2441611653197689
358,-0.06910519141965271,-0.3953708385242288,-0.8935909416700473,0.1958536778911204,0.7163713640123405,0.05635805534924973,-0.10875469853463242,-0.42595679326788766,-0.27788625791202043,-0.09668724130377938
359,-0.4917874650554107,-0.8525579002376473,-1.2594296057049432,-0.32046057190639154,0.2997028554618369,-0.4315160559264046,-0.6002476528822395,-0.9701288478751209,-0.7913538354777481,-0.5019890482227197
360,1.4121601649289692,1.2068145336271698,0.3884693027459138,2.005246829479114,2.176561831638085,1.7660844015142971,1.613653671947255,1.481062409239198,1.521530896997543,1.3236692839189412
361,1.4769380670836383,1.2768804450629863,0.44453567378012737,2.084374240398802,2.2404180980616815,1.8408532371509778,1.6889771110699339,1.5644591502603964,1.600222042980661,1.3857835537364884
362,0.5158075796650323,0.237290069799791,-0.3873390354569934,0.9103354942253848,1.2929622152530442,0.731484068825344,0.5713791131420568,0.3270749855888928,0.43265629943903533,0.4641742326620691
363,-1.0011890575201274,-1.4035434319653683,-1.7003253083838148,-0.9427040807168069,-0.20245116192766585,-1.0194845246970858,-1.1925774221822192,-1.625945588916401,-1.410166636499964,-0.9904443224347896
364,0.07923938563369654,-0.2349164605330079,-0.7651961986892102,0.3770593346933546,0.8626053499817612,0.2275823607120828,0.06373967604665547,-0.23497416087454068,-0.09767966923866979,0.045557486891659275
365,1.4078508900396045,1.202153480047048,0.38473955237118473,1.9999829701444525,2.172313867497926,1.7611104913505058,1.6086428674291195,1.4755145376659657,1.5162960596823314,1.3195372040847275
366,-0.03841394594202608,-0.36217417707082467,-0.8670271490924157,0.23334360442110658,0.7466259459438743,0.09178292420533822,-0.07306706303798681,-0.3864440927083009,-0.2406030301761628,-0.06725800325772355
367,-1.047997663658015,-1.4541731612866478,-1.7408389494871488,-0.9998816627201086,-0.24859379274830107,-1.0735125938733514,-1.2470062486426092,-1.686208195049028,-1.4670289728267554,-1.0353281839789608
368,0.33504907204893625,0.04177571745692442,-0.5437885841224755,0.6895356190578091,1.1147754719851761,0.5228465134810879,0.3611939729715992,0.09436182345152788,0.21307379309997332,0.29084841721538846
369,1.6222987613916482,1.4341073572484975,0.5703478157263812,2.261935028993312,2.3837106548519325,2.008633444586516,1.8580018408674013,1.751600255091512,1.7768038592408921,1.5251670948328853
370,0.190026634524387,-0.11508532505630353,-0.6693079590958029,0.512388017408399,0.9718163593875557,0.35545673341359224,0.1925625665666677,-0.09234380087727732,0.03690288569973483,0.1517892239662764
371,-0.8565736270472786,-1.2471226216777858,-1.5751582049045485,-0.7660536457423874,-0.05989326563784752,-0.852564525871948,-1.0244192816574955,-1.4397639559574213,-1.2344901546716596,-0.8517754003273178
372,-0.801667343191973,-1.187734177564698,-1.527635886639422,-0.698984599969366,-0.005768167825594732,-0.7891898444382057,-0.9605745137372126,-1.36907619079664,-1.1677908906551735,-0.7991268331982962
373,1.698421750986589,1.5164444887359247,0.6362335520176404,2.354920674989257,2.458750595060691,2.0964971621179527,1.9465172941604123,1.8496029541269126,1.869276833629352,1.598159948224907
374,2.0100861593620403,1.8535509727154535,0.905984374086786,2.7356245398918686,2.76598075895912,2.456230715513797,2.30891919836104,2.250847747278014,2.2478817072273922,1.8970088845201303
375,-1.8946569634671084,-2.3699477316809183,-2.4736369077989635,-2.034091726593574,-1.0832071411326951,-2.050755263395807,-2.231497689482262,-2.7762192020553536,-2.4955369723628236,-1.847173310829628
376,1.164945681066415,0.9394192096692102,0.1745009815092171,1.7032697447136276,1.932864622864533,1.4807411209185104,1.3261938360142473,1.1627921102389607,1.2212187474574048,1.0866201260629162
377,-0.4950713836469067,-0.8561098946916327,-1.2622718928441186,-0.3244719394742339,0.2964656592341592,-0.43530646532906697,-0.6040661779329547,-0.9743566493197521,-0.7953430865754924,-0.5051379338560334
378,-1.02564374525737,-1.4299944272615268,-1.7214912546493846,-0.9725759361047319,-0.22655791752661433,-1.0477109486341636,-1.2210132177509327,-1.6574291842805662,-1.4398737949397067,-1.013893446625136
379,-1.0223544516055216,-1.4264366189653195,-1.7186443153044724,-0.968558002800812,-0.22331542271293003,-1.0439143351558728,-1.2171884426053896,-1.653194462844684,-1.4358780143057353,-1.0107394069510474
380,-1.4894340416352727,-1.931645279634227,-2.1229096083451298,-1.5391043993827451,-0.6837495792675682,-1.5830333238010685,-1.760306387071208,-2.254524767012167,-2.0032787324859367,-1.4586129366017144
381,-0.48403665347121105,-0.844174367274237,-1.252721147054053,-0.3109928115624447,0.3073433914016701,-0.4225698082383242,-0.591235045726178,-0.9601502532480793,-0.78193827514664,-0.4945569458231015
382,0.21804128302329534,-0.08478375900769453,-0.6450608065192562,0.5466084310033145,0.9994324259597387,0.38779218392004683,0.22513786771971184,-0.05627702026303411,0.07093462679301192,0.17865192525521442
383,2.364426365631947,2.2368170045695996,1.2126718217542523,3.1684576847495083,3.1152795454826094,2.865222111666205,2.720944319087569,2.707034462697285,2.6783284486593173,2.236778812958108
384,-1.2725285254999927,-1.6970331329304436,-1.9351742118209982,-1.2741502817732693,-0.469930113579858,-1.3326736742112248,-1.5080896758696183,-1.9752750143416962,-1.7397854258643264,-1.2506264580959425
385,1.1530397743060619,0.9265413889790283,0.1641962176357148,1.6887264584190431,1.921128108886536,1.466998922482615,1.3123497037834368,1.1474641389757831,1.2067556448286203,1.0752037837557915
386,-0.8208894897415224,-1.2085254840588668,-1.5442729799177413,-0.7224648090868673,-0.02471682887316423,-0.8113766931650421,-0.9829259350903636,-1.3938232777559658,-1.1911416428395813,-0.8175585754674474
387,0.34764457500589124,0.055399428094610764,-0.5328869630656369,0.7049212599177962,1.1271917708433592,0.5373846670647173,0.3758399644075744,0.11057759863400962,0.22837460601530943,0.3029259998960993
388,-0.3064257152863543,-0.6520645296450567,-1.0989958730210905,-0.09403775093037586,0.4824273476773309,-0.21756528350530116,-0.3847098844459333,-0.7314893531317435,-0.5661793851546196,-0.32424927345327825
389,-0.8322322644859523,-1.2207942026225223,-1.554090343497381,-0.7363202191621884,-0.03589822286665509,-0.8244689056683926,-0.9961152600688779,-1.4084262583459266,-1.2049206618194854,-0.8284349414428835
390,-1.3370437230186214,-1.7668148943837763,-1.99101320754501,-1.352956794099532,-0.5335274130305868,-1.407139287312137,-1.5831076432804658,-2.058333542642689,-1.8181574425120157,-1.312488825550144
391,-0.3914921009087198,-0.7440751326891388,-1.1726222699898485,-0.19794792132338823,0.39857125473032234,-0.315751769841625,-0.483624676461172,-0.8410060107477768,-0.669516652133144,-0.40581777526019047
392,1.6721064487946702,1.487980991594827,0.613457212440499,2.3227760444786245,2.432809697132685,2.0661231543333343,1.915917984878751,1.8157239557525284,1.8373094308963982,1.5729267170409709
393,-1.570390273239644,-2.0192102047876492,-2.1929785974245366,-1.6379939402847234,-0.7635539959286052,-1.6764757319874226,-1.8544419113784554,-2.3587499063975317,-2.101623050957564,-1.5362402917031375
394,0.2774015668256429,-0.020577721927804042,-0.59368347589172,0.6191181204576386,1.0579481538759101,0.45630782205181575,0.2941617257726511,0.02014493924082718,0.14304453777988937,0.23557134625995
395,0.5266772571912159,0.2490470708380003,-0.3779311455294969,0.9236130072594626,1.3036772430783246,0.7440302165909577,0.5840183229063951,0.341068888625003,0.44586060758350154,0.47459695492125903
396,0.07372411892401139,-0.2408819545668071,-0.7699697554024166,0.37032233394536923,0.8571685524212297,0.22121645418543584,0.05732654992749842,-0.24207465740424028,-0.10437952587730259,0.0402690049691797
397,-1.2281565962282563,-1.6490389935221224,-1.8967695557993656,-1.2199491458303242,-0.42618949149951263,-1.2814580995129363,-1.4564942057774373,-1.9181494488170463,-1.6858831251146391,-1.2080790785817221
398,-1.1373461216773013,-1.5508153947995285,-1.8181715526128752,-1.1090224640978972,-0.3366710343698998,-1.176641592340823,-1.350900214246061,-1.8012377030483195,-1.575568031973415,-1.1210026816794347
399,-1.8363489718740977,-2.306879888495729,-2.423170353894394,-1.9628674316223402,-1.0257287338064132,-1.9834542163610733,-2.1636974318475644,-2.7011519906668475,-2.4247053689022398,-1.7912629123471344
400,-0.15858447169434675,-0.4921545736951802,-0.9710367736727091,0.08655307469794787,0.6281651614253881,-0.0469219425699922,-0.21280078363969382,-0.541154725211011,-0.38658423781492096,-0.18248718191920185
401,0.25733758312384636,-0.04227958719882082,-0.6110491934779949,0.5946095916190963,1.038169633019809,0.4331492965405271,0.2708314201491035,-0.005685950568432587,0.11867113546267388,0.21633238272740798
402,0.4207105870044187,0.13443003197915035,-0.4696470926400945,0.7941727509874805,1.1992182269880394,0.6217199181307611,0.4608007785686629,0.20464466591173186,0.3171340135498733,0.3729875769587881
403,2.4156352505859857,2.2922062203140303,1.2569939786716873,3.231010289074704,3.1657598496004034,2.9243291308025174,2.7804897690029735,2.7729621012043077,2.740536172397103,2.285882016230979
404,0.19758171564306118,-0.10691350060778243,-0.6627689084766306,0.5216166893524443,0.9792639496416216,0.3641770624084271,0.20134757926051172,-0.08261719469691955,0.046080675832616366,0.15903364423135835
405,-1.223314653300367,-1.643801788656291,-1.8925787722189813,-1.2140346225907481,-0.42141643792218453,-1.2758693659649876,-1.4508640173762515,-1.9119158066803734,-1.6800012112967029,-1.2034362337309275
406,-1.147305002956963,-1.5615872486344136,-1.8267911329688122,-1.1211874225961613,-0.34648822441653976,-1.1881364684136284,-1.3624803544304018,-1.81405902351896,-1.5876659195946476,-1.1305520591416567
407,-1.3310757331067598,-1.7603597200310173,-1.98584781123551,-1.345666783549439,-0.5276443334440444,-1.400250832423062,-1.5761680927569317,-2.050650198592611,-1.8109076250625595,-1.3067662361589552
408,0.6561686391744337,0.38910921240094115,-0.26585416207502643,1.0817891360306504,1.4313262701761251,0.8934935294465128,0.7345902911747659,0.5077794317041308,0.6031646403517598,0.5987637212414754
409,-0.6377357314806381,-1.0104203497678044,-1.385750301266512,-0.49873909075794204,0.15583108631039339,-0.5999744588822614,-0.769955608766525,-1.158026408195855,-0.9686494248259246,-0.6419360007883391
410,0.98332671752434,0.7429741598709041,0.017306693671890038,1.4814188066469995,1.7538296659153407,1.271110398374296,1.115008161751107,0.9289711749624212,1.0005909732008733,0.9124692361730288
411,-0.14450696442780378,-0.47692787840919265,-0.9588524527949152,0.10374901135463303,0.6420423791908865,-0.030673209715489563,-0.19643152458189506,-0.5230309794785738,-0.3694831100762529,-0.16898853414538687
412,0.09490291354546831,-0.21797427310590964,-0.7516391500909196,0.3961926250331288,0.8780460230847483,0.24566173199412128,0.0819531524308036,-0.21480853128040311,-0.07865186931744257,0.060576938998697656
413,-1.4899629157584695,-1.932217327296223,-2.123367357852836,-1.5397504289496033,-0.6842709287678154,-1.5836437681204194,-1.7609213594074076,-2.2552056531912186,-2.003921200201791,-1.4591200637067157
414,0.6821160791728373,0.4171748176836412,-0.2433962134544469,1.1134844160377948,1.4569045397161324,0.9234429383020362,0.7647618520327034,0.5411848348081578,0.6346851700522634,0.6236442165265373
415,0.5468913568091371,0.2709113064256597,-0.36043550007628533,0.9483049054783904,1.3236037440575177,0.7673620109468035,0.6075231826092421,0.36709304153423655,0.47041636828339434,0.49397986168456226
416,0.6290218677350043,0.3597463707500665,-0.28935015236304057,1.048628850387227,1.4045657328336585,0.8621598118621602,0.7030241533734394,0.47282997838762547,0.570187182248688,0.5727332103762441
417,-0.855275432589821,-1.2457184518165032,-1.5740345956225963,-0.7644678770948687,-0.05861354140492756,-0.8510661061209913,-1.022909747264853,-1.4380926269491858,-1.2329131290785438,-0.8505305869245368
418,1.4660114629493635,1.265061870331462,0.43507851290953453,2.071027190455364,2.2296469535587695,1.8282413827776762,1.676271707314182,1.550391958441626,1.5869485813150306,1.3753062456605745
419,-0.5629961531860062,-0.9295795614841954,-1.3210619308774525,-0.40744330736620915,0.2295072978767054,-0.513707521250917,-0.6830487796091279,-1.061804748528821,-0.8778569960705632,-0.5702696735714143
420,-0.10563040284686928,-0.4348777096007778,-0.925204130548746,0.1512374535708407,0.6803658196137956,0.01419942657371561,-0.1512260421235606,-0.4729802919737737,-0.32225649295946984,-0.13171055577166776
421,-0.04968823969098545,-0.3743688243354093,-0.8767852412110613,0.21957184515398626,0.7355120586238981,0.0787697547726069,-0.08617675863793502,-0.40095890909945053,-0.2542988595523225,-0.07806870413922268
422,0.674636121760086,0.40908424950849165,-0.2498702432342644,1.1043475090961754,1.4495310043360372,0.914809319617874,0.7560641928298112,0.5315549448232774,0.6255986389801562,0.61647183092118
423,1.6444207319434825,1.4580352088447046,0.5894947557740172,2.288957427002261,2.4055178822919316,2.0341673678092884,1.8837251638943833,1.7800806502204691,1.803677270639306,1.546379421908121
424,1.5527857529849696,1.3589197990125066,0.5101831300635509,2.1770235978184367,2.315186651494676,1.9283991898902093,1.7771724425263913,1.6621074162241096,1.6923605829026913,1.4585124237740352
425,-0.3558000389490653,-0.7054694235036869,-1.1417301860809241,-0.15434940455590787,0.43375550339989627,-0.2745547902323791,-0.4421221151438611,-0.7950551301426179,-0.626158513559908,-0.3715933516039084
426,1.302637199254189,1.0883508884965445,0.29367532168076677,1.8714624922000385,2.0685971177001075,1.6396693070670125,1.4863008839881449,1.3400597200436684,1.3884841728254644,1.2186498434174882
427,-1.7606547157500656,-2.2250064892441888,-2.3576556936808593,-1.8704054915260804,-0.9511114272093093,-1.896085357436539,-2.0756805078125513,-2.6037012541534055,-2.332753212987749,-1.7186811631373424
428,-0.16573236341478775,-0.4998859686860432,-0.9772233949738088,0.07782179216857064,0.6211189672312991,-0.05517227985196177,-0.22111231842164156,-0.5503571052639166,-0.39526738086425484,-0.1893411561941017
429,-1.2053219720425257,-1.6243403122951905,-1.877005801966042,-1.1920562281679585,-0.40367974979461513,-1.2551016074719972,-1.429942212465947,-1.8887515650296578,-1.6581439936284328,-1.186183401804969
430,2.8132835852011633,2.7223157494744865,1.6011653446482963,3.7167451172804173,3.5577505926389366,3.3833082268073884,3.242873377121441,3.2849048174137803,3.2235929264493213,2.6671792661760363
431,-0.5438190029873661,-0.9088369245244338,-1.3044637827026542,-0.3840180621272817,0.24841160276459412,-0.49157260882725634,-0.6607496798006044,-1.0371155910315317,-0.8545609047241935,-0.5518810774275348
432,-0.32749645287595175,-0.6748553330630961,-1.1172329531420584,-0.11977604834624574,0.4616563966506923,-0.24188583824970458,-0.4092108387422062,-0.7586163638473664,-0.5917757757829547,-0.3444535936977036
433,0.7659203032594004,0.507820225260694,-0.17086223866389488,1.2158528326665063,1.539516428688962,1.0201725952987493,0.8622090085666633,0.6490765531281191,0.7364891836470806,0.7040024561980539
434,0.4761437597863359,0.1943883765002558,-0.42166874308851654,0.8618854013728505,1.2538627173485877,0.6857027525031172,0.5252582104479186,0.27601076145830816,0.3844733336975671,0.4261413676264367
435,0.17990007694520002,-0.12603854309659887,-0.678072666127815,0.5000182391951901,0.9618338786769814,0.3437683197104782,0.18078745317202663,-0.10538099213813752,0.024601307626589165,0.14207906496337006
436,-0.8718423439027133,-1.2636377684693112,-1.5883735378492485,-0.7847046670420832,-0.07494474490834155,-0.8701881929400969,-1.042173673607326,-1.4594212956205415,-1.2530383445185163,-0.8664162757953393
437,-0.5012260569143786,-0.8627669919073687,-1.2675988667585332,-0.3319899872113906,0.29039855235287304,-0.4424103964325214,-0.6112228029819644,-0.9822803343340012,-0.8028196839406344,-0.5110395302841148
438,-0.6130934339613319,-0.9837664295553188,-1.364421975558247,-0.468638066535829,0.18012278244969065,-0.5715314894182002,-0.7413016614280247,-1.1263012791622222,-0.9387143610626504,-0.6183069812288019
439,0.16409283346965853,-0.14313617800853537,-0.6917541029797181,0.480709397624337,0.9462515347414412,0.32552306708606044,0.16240686500811227,-0.1257316448536445,0.005398924367024655,0.1269218067988947
440,-0.5492793964206106,-0.9147430658160263,-1.3091898456660718,-0.39068803414866443,0.24302889776407735,-0.49787517877073895,-0.6670989995327073,-1.0441454422906673,-0.8611941021956825,-0.557116942433053
441,-1.963596332138618,-2.4445148222953357,-2.5333050985590235,-2.118302446174915,-1.1511656662860934,-2.130327403796237,-2.311660062244593,-2.8649735223409234,-2.5792834004450538,-1.913277929909282
442,1.1063678290839933,0.8760594766031269,0.12380085886875343,1.6317158102632878,1.875120194621392,1.413128591936545,1.2580797859914465,1.0873774736289052,1.1500593219681376,1.0304509637044188
443,1.8355090424912128,1.6647226160918378,0.754884923765091,2.5223753483569333,2.5938874599240664,2.2547279294854037,2.105921750196771,2.026092666924513,2.035808254212614,1.7296102843710761
444,-0.5051895945935714,-0.8670540847394237,-1.2710293757243702,-0.3368315221207539,0.2864914064033457,-0.4469852450679058,-0.6158315859026628,-0.9873830949107509,-0.8076345252946849,-0.514840089435437
445,-1.9500142695055898,-2.4298240162348175,-2.5215495933996395,-2.101711704342392,-1.1377768441534193,-2.1146505298185763,-2.29586690387005,-2.847487624800805,-2.562784130819811,-1.90025435435334
446,0.8066337148959801,0.5518571915577404,-0.13562409159585778,1.265585021350512,1.5796505851528666,1.0671653857660237,0.9095503716068284,0.7014920487432478,0.7859471764501704,0.7430417543455796
447,0.02351994737478138,-0.29518443921779136,-0.8134223158577347,0.30899700570961847,0.8076786670222088,0.1632691090880686,-0.0010506239791806037,-0.30670880197530165,-0.16536674004964674,-0.007870798171242305
448,0.7809675903338936,0.5240958663117643,-0.15783855694350662,1.2342333733750808,1.5543496285985074,1.0375406806585443,0.8797059230115126,0.6684488183834348,0.7547683841837328,0.7184310069580879
449,1.0056699189400784,0.7671413020523509,0.03664511277777429,1.5087114422662136,1.7758549766293683,1.2968996737086806,1.1409887309832771,0.9577363884082614,1.0277331322682977,0.933893697218576
450,1.476552996670369,1.2764639402276141,0.44420238881802543,2.0839038697351917,2.2400385062860346,1.840408775915269,1.6885293530094367,1.56396340068435,1.599754265681668,1.3854143172105593
451,-0.8898363753251581,-1.283100705212894,-1.603947676692511,-0.8066847107160191,-0.09268276399087806,-0.8909575098385304,-1.0630970484826636,-1.482587275507971,-1.2748972023448708,-0.8836704023678621
452,-0.8325816153556053,-1.2211720720236443,-1.5543927125897348,-0.7367469577396769,-0.036242603302974345,-0.8248721382042385,-0.9965214836125167,-1.4088760216607743,-1.205345047595634,-0.8287699271935305
453,1.0531150117933286,0.8184594763578813,0.07770964390926442,1.566666504616921,1.8226250384707587,1.3516623972813215,1.1961576611945195,1.018818423945036,1.0853686623443297,0.9793878734882675
454,0.04629009518611683,-0.27055549775994453,-0.7937143674180646,0.3368111642828242,0.8301248496984179,0.18955118032686297,0.025426396508243482,-0.2773939267343245,-0.1377059334183869,0.01396305346479393
455,-1.5714840476537486,-2.0203932672006064,-2.1939252776980425,-1.6393300060515903,-0.7646322085299893,-1.677738203241841,-1.8557137471087644,-2.3601580597725964,-2.1029517503941,-1.5372890907043002
456,2.2247232460071618,2.085709511406795,1.091756406481642,2.997807728736446,2.9775640695218795,2.703972067411658,2.5584981904497437,2.527177065349292,2.508619362458251,2.102820210130747
457,0.6104741700476378,0.3396845703478494,-0.3054034987324145,1.0259724930847296,1.3862819248424572,0.8407514347196844,0.6814569779764277,0.4489511942788182,0.5476557396144024,0.5549481839964676
458,0.5338653038510669,0.25682189873321537,-0.3717097694484965,0.9323933397933238,1.3107630209023846,0.7523269020559478,0.5923765496625117,0.35032296518198325,0.4545925302026262,0.48148943298615604
459,-0.013044526055170471,-0.33473377736898996,-0.8450694866645243,0.26433282212359177,0.7716344192259991,0.12106516278708772,-0.043567621239723624,-0.3537828475955701,-0.20978466994188222,-0.04293176020952675
460,1.6534676967798239,1.4678207038345321,0.5973250570091003,2.300008462623512,2.4144361303008735,2.044609679220426,1.8942449319391728,1.7917279459554063,1.8146673769403845,1.555054380438464
461,1.5896266565357808,1.398768133082407,0.5420695558200319,2.222025445932586,2.3515033964675145,1.970922201143652,1.8200108714277816,1.7095373451075428,1.7371143156269284,1.4938384492759642
462,-0.9366480610155874,-1.3337337654795807,-1.6444639832007084,-0.8638660544499623,-0.13882843054933497,-0.9449891335380236,-1.117529455832226,-1.5428538463359223,-1.331763279662194,-0.9285572168350384
463,0.7051248988012585,0.4420619144358386,-0.22348169051626662,1.1415901166695932,1.4795859984762019,0.9500004925878144,0.791516398983421,0.5708069822987214,0.6626359113398742,0.645706925923495
464,-2.3751961072091223,-2.8897146887286946,-2.889551672453951,-2.6210792180853564,-1.5569093539102843,-2.6054097220976344,-2.790266339527329,-3.394877682620436,-3.0792881383162545,-2.3079529446161016
465,1.502582444340142,1.3046182477073305,0.4667313164666025,2.1156993236364445,2.2656976167229765,1.870452840786156,1.7187962720008818,1.5974743825784192,1.631374416972634,1.4103734480558527
466,1.4635140261055097,1.2623605604264239,0.43291693903843737,2.06797652495345,2.2271850493109837,1.8253587570877419,1.6733676995304536,1.5471766938721379,1.5839147355014678,1.3729115020703757
467,-0.2692909006863381,-0.6118982917088895,-1.0668550622754747,-0.048676885009371146,0.5190338220430428,-0.17470303022334469,-0.34152969716265813,-0.6836810355873856,-0.5210686140498584,-0.2886414223656874
468,-0.07921066381753485,-0.4063012501383082,-0.9023373991206584,0.1835096556185938,0.7064096684910083,0.04469397887230254,-0.12050529417989327,-0.43896683892282096,-0.29016222204854647,-0.10637718213664381
469,-1.0832204263167173,-1.4922712608990252,-1.7713248469056484,-1.0429069216728777,-0.2833154191316136,-1.1141678924288714,-1.2879631109460623,-1.7315548876369602,-1.509817014212947,-1.0691026056679835
470,-2.186256564583836,-2.6853514596031465,-2.726021299479371,-2.390286056667557,-1.3706579723353545,-2.3873293407032294,-2.5705683304312315,-3.1516320451287783,-2.849767443200037,-2.126782493899598
471,-0.1265607934694358,-0.4575167091191048,-0.9433197379936106,0.12567059258255178,0.6597332187501042,-0.009959134976079828,-0.17556380162846835,-0.49992661638630154,-0.34768239236620685,-0.1517803000405171
472,1.7033733100466202,1.5218002580188044,0.6405192102162445,2.3609690963706824,2.4636317051928867,2.102212418296222,1.9522749436830855,1.855977718897692,1.8752919073485748,1.6029079018517152
473,-0.9943203929240774,-1.3961140582243032,-1.6943803628863174,-0.9343138793073282,-0.19568022211901862,-1.011556480763225,-1.184590571383634,-1.6171026930611052,-1.401822694037204,-0.983858093615792
474,-0.841901947964804,-1.2312532505957632,-1.5624596182604664,-0.7481319171740737,-0.045430329710483934,-0.8356299799026694,-1.007359122414339,-1.4208752581131199,-1.2166672366379787,-0.8377070127616114
475,-1.0057795461474004,-1.408508655581867,-1.7042984540097799,-0.9483114478566856,-0.20697633880199132,-1.0247830212251936,-1.197915220708546,-1.6318555023046943,-1.4157430877076624,-0.9948460526499484
476,-1.1683042358250348,-1.584300710191741,-1.8449663245426922,-1.1468383756662797,-0.3671886880640505,-1.2123744900009958,-1.3868981633737123,-1.8410939772129056,-1.6131754474458182,-1.1506878149000714
477,-0.8236523505197935,-1.2115138852290315,-1.5466642826978245,-0.7258396948556924,-0.027440380703035585,-0.8145656800964858,-0.9861385765732514,-1.3973802559404853,-1.194497921348182,-0.8202078289032886
478,1.4139494667149508,1.2087499013420613,0.39001797373537395,2.0074324948521705,2.1783256759083893,1.768149673878645,1.6157342636253658,1.4833660024815043,1.523704511816256,1.3253850105822425
479,-1.4975329150012064,-1.9404052876788298,-2.129919320360955,-1.5489973236593388,-0.6917332248964618,-1.5923813161163174,-1.7697237188255555,-2.2649514653490406,-2.0131171126300753,-1.4663787886706592
480,0.056765235537941466,-0.2592252411175443,-0.7846479560946695,0.349606742828748,0.8404509536764929,0.20164194000238736,0.03760684030693648,-0.2639079610265132,-0.1249809026409018,0.02400746170506621
481,0.7636867199775595,0.5054043080542937,-0.17279544280990905,1.213124469192438,1.5373146239935278,1.0175945182736237,0.8596118084604686,0.6462009804357495,0.7337758628656029,0.7018607166539581
482,0.16948709673564663,-0.1373015652828289,-0.6870852767956748,0.4872985904178559,0.9515690504499539,0.3317493073639972,0.1686792888936096,-0.11878693127647987,0.011951787982794655,0.1320942608739039
483,0.06947122465791924,-0.24548202500876762,-0.7736507073931538,0.3651273445894689,0.8529761667419509,0.21630762043527238,0.05238130453220444,-0.24754994310974165,-0.1095458729248613,0.03619098741747198
484,0.013580804810653517,-0.30593494300816365,-0.8220248120211917,0.29685615841908264,0.7978809348560505,0.15179701610530366,-0.012607812078189617,-0.3195047103147568,-0.17744064939906265,-0.017401248563248484
485,-1.7645919574353557,-2.229265139463584,-2.3610634430187702,-1.875214905390367,-0.9549926512944867,-1.9006298543504163,-2.0802587138755557,-2.60877016058977,-2.337536110394464,-1.7224565075718237
486,0.6869895209253047,0.4224460927150661,-0.23917816710810078,1.1194374156767752,1.4617086439645595,0.9290680288538289,0.7704286671185552,0.5474590293435413,0.6406053481319421,0.6283172649872623
487,-0.2272888923675588,-0.5664675368202351,-1.030501612962466,0.0026293484613688096,0.560438241518161,-0.12622289808045858,-0.2926899599776559,-0.6296065673872916,-0.4700452548755297,-0.2483665139353059
488,-1.3979570030542723,-1.832700703313687,-2.043734682705403,-1.4273634973042537,-0.5935740417312863,-1.4774474459833176,-1.6539373180293158,-2.136754869529064,-1.8921539081609182,-1.3708973844221526
489,-1.4267284944445908,-1.8638208955486422,-2.0686368956181593,-1.4625084085515827,-0.6219361831176751,-1.510656470036744,-1.6873926725271016,-2.173796029190933,-1.9271050497360456,-1.3984858076317281
490,0.01122862757811656,-0.3084791353357072,-0.8240606612393829,0.2939829302310119,0.7955622235202346,0.14908205394941323,-0.01534291267094598,-0.32253296391626224,-0.180298036190345,-0.019656705538864058
491,1.7582026540517506,1.5811054814571102,0.6879749357384176,2.427944158687333,2.5176809578263364,2.1654982931644486,2.016030246308445,1.9265664297120706,1.9418977060816742,1.6554826928556299
492,0.521468718146199,0.24341334354367103,-0.3824392242558942,0.917250680052227,1.2985428091761249,0.7380183454619073,0.5779618582691383,0.33436328119735076,0.439533358742198,0.4696025881876013
493,-0.5362509849386156,-0.900651107066463,-1.2979135349514725,-0.37477358748280704,0.2558719458869403,-0.4828373475921613,-0.6519496241054802,-1.027372329513917,-0.845367399018264,-0.5446242521919513
494,0.37127820453128474,0.08096233979989141,-0.5124316565833114,0.7337901774464057,1.1504891499391923,0.5646633979699444,0.4033210373597897,0.14100414249173046,0.2570843562423723,0.3255878273446504
495,1.505210172872951,1.3074604853922984,0.46900566000038785,2.1189091428569635,2.268287958918364,1.873485853530198,1.721851782346051,1.6008573880268115,1.6345665390189077,1.4128931258111534
496,-0.2942325840214185,-0.6388760374753901,-1.0884425114760303,-0.07914361456741358,0.4944469996372316,-0.20349156087582038,-0.37053176891578987,-0.7157916016375476,-0.5513673668513805,-0.31255751715801205
497,-1.4415996495279284,-1.8799060264398764,-2.0815081321182074,-1.4806738007607967,-0.6365957569760695,-1.5278212579222605,-1.704684781523301,-2.1929415375806607,-1.9451702879835944,-1.4127454688529186
498,0.5425372458672837,0.26620175669517904,-0.3642040568135382,0.9429862780726538,1.3193115817754322,0.7623363495016706,0.6024602429407266,0.3614874468712864,0.465127064858069,0.4898047894321132
499,1.3531825051709716,1.143022355309495,0.3374231397067615,1.9332045224033167,2.118423283934662,1.6980104009368648,1.5450747273285705,1.405133049792976,1.4498857915003325,1.2671167536645838
500,-0.1175618565298613,-0.4477831626834817,-0.9355310057163133,0.1366629612356442,0.668604122185207,0.0004277410195856725,-0.16509988019553243,-0.48834115300368264,-0.3367506295759558,-0.1431513945257754
